date,host,video_id,offset,ist,underlying,option,setup,entry,sl,target1,target2,exit,result_pts,outcome,verified,notes
2026-07-15,chinmay,DmPpZPOBuNA,00:20:00,09:19,SENSEX,77500 PE,range-breakout-direct,,,,,,~-58,loss,said,Three morning stop-losses on the same PE before the eventual entry worked; his 12:58 recap lists 19 + 29 + 10 pts and at 12:44 he said twice we frankly got trapped on early breakout pokes; logged as one aggregated row
2026-07-15,chinmay,DmPpZPOBuNA,03:50:00,12:49,SENSEX,77500 PE,pullback-first-green-candle,~286,~268,375,,583,~297,win,frame,"At 12:49 he said this was the pullback entry he had hunted all morning (box entry ~283-287); he advised major booking near 375 then trailed 457 > 583 at 12:56 with price 591-597; the 12:57 candle shows H668.10 L550.15 with live 600.35 so his later ""599/660"" trails were at or above price; exit taken at the 583 trail; his recap called the full move 386 pts and said nobody sits through all of it; outlier trade on a Sensex expiry"
2026-07-15,chinmay,DmPpZPOBuNA,04:49:00,13:48,SENSEX,77000 CE,base-reversal-aggressive-or-confirm,302.09,299.49,334.65,375,334.65,32.6,win,frame,Named a sniper zone 272-278 and waited for a strong confirming candle after a liquidity sweep; the 13:49 frame box shows entry 302.09 SL 299.49 target 334.65 (the agent's 278 entry was the zone not the fill); the 14:10 candle printed H337.60 clearing the target; 375 never confirmed; viewer fills read from chat (295 / 304 / 310) were not used
2026-07-16,chinmay,U-VHSEbmW5Y,00:22:00,09:20,SENSEX,77700 PE,base-reversal-aggressive-or-confirm,326.70,288.30,415.05,452.90,415.05,88.35,win,frame,Pin-bar entry at a defended pre-open zone; box entry 326.70 SL 288.30 target 415.05; at 09:36 he said the second zone at 455 was also done so T1 415.05 was cleared; runner target 452.90 not used
2026-07-16,chinmay,U-VHSEbmW5Y,01:34:00,10:32,SENSEX,77200 CE,breakout-close-confirm,250.15,~239.30,300.55,,300.55,50.4,win,frame,"He planned the call only if it sustained above 240 with a 12-13 pt stop; the 10:47 frame box shows entry 250.15 stop ~239.30 target 300.55 with live 294.95; the 11:07 frame shows live 345.80 above the target; the ""330 pe pura exit"" line at 10:54 was a viewer comment so the box target is used (not the agent's +90)"
2026-07-16,chinmay,U-VHSEbmW5Y,01:52:00,10:50,NIFTY,unspecified,telegram-vip-call,,,,,,,unclear,unverified,Nifty VIP Telegram call narrated as breaking out; strike and premium never stated and never charted - no points logged
2026-07-16,chinmay,U-VHSEbmW5Y,03:55:00,12:53,SENSEX,77700 PE,trend-re-entry,~333.10,~322,~394.40,434,~394.40,~61,win,frame,Fresh smaller base re-entry after the morning runner faded with an 11 pt risk; at 12:59 he said the target was hit in a single candle; 394.41 live on the 13:00 frame
2026-07-16,chinmay,U-VHSEbmW5Y,04:36:00,13:34,SENSEX,77700 PE,trend-re-entry,~465,~460,~544,,,,unclear,frame,He rejected a pullback needing a 30 pt stop and waited for a smaller structure; a box near 465 with target 544; the candle reached 504.20 then faded to 487.85 by 13:53 with no booking or stop stated - no points logged
2026-07-16,chinmay,U-VHSEbmW5Y,05:03:00,14:01,SENSEX,77700 PE,trend-re-entry,~380,~365,444,517,444,47,win,frame,Fresh re-entry at the 380-365 zone he had plotted; at 14:22 he said it moved 47 pts from the entry and the 444 first target was hit exactly; the 14:21 frame shows a 444.25 high with live 443.63
2026-07-17,chinmay,5wgTKROoOhc,00:34:00,09:33,NIFTY,24200 CE,telegram-vip-call,123,,,,,,unclear,unverified,Telegram VIP call (buy 123) recapped on stream; he claimed it reached 170 in his 14:01 recap but no frame shows the outcome - no points logged
2026-07-17,chinmay,5wgTKROoOhc,00:40:00,09:39,NIFTY,24000 CE,breakout-close-confirm,~256,~249,,,,,unclear,frame,Entry once price held above the 254-256 zone after a 235-256 barcode squeeze; SL trailed 245 then 249; rolled to 24150 CE near 10:18 with price 279-300 and no exit stated; a Closed P&L -11.70 box on that frame does not match the live price and looks like a stale drawing
2026-07-17,chinmay,5wgTKROoOhc,00:46:00,09:45,NIFTY,24200 CE,telegram-vip-call,~120,,,,,,unclear,unverified,Second Telegram VIP call (entry ~120) recapped at 14:01 as reaching 140; never charted and no outcome frame - no points logged
2026-07-17,chinmay,5wgTKROoOhc,01:49:00,10:48,NIFTY,24200 PE,breakout-close-confirm,~120,~115,135,,~120,0,scratch,said,Entry once price held above the 119-121 zone; SL trailed to cost repeatedly; he called it tired out and viewers exited around cost at 10:57
2026-07-17,chinmay,5wgTKROoOhc,02:09:00,11:08,NIFTY,24200 PE,pullback-first-green-candle,~128,~126,135,144,~128,0,scratch,said,Re-entry on a pin bar at 128 with a 2-3 pt stop; at 11:21 he said some got 4 pts and the rest went out cost-to-cost; 135 and 144 never reached
2026-07-17,chinmay,5wgTKROoOhc,02:38:00,11:37,NIFTY,24150 CE,pullback-first-green-candle,170,~166,184,199,184,14,win,said,Pullback to the apex (the 154-174 zone the post-roll spike launched from); at 11:52-11:53 he said taken at 170 and primary target 184 done and dusted; T2 199 not reached on this leg
2026-07-17,chinmay,5wgTKROoOhc,03:44:00,12:43,NIFTY,24150 CE,trend-re-entry,~174,~168,190,199,199,~25,win,said,Fresh box after two back-to-back pin bars at the 172 base with targets 190/199; at 12:49-12:50 he said price kissed 199 dot on and the target was done
2026-07-17,chinmay,5wgTKROoOhc,05:26:00,14:25,NIFTY,24150 CE,trend-re-entry,~195,~190,216,,,,unclear,frame,Fresh base re-entry in the afternoon spike with a 5-6 pt stop; 219.20 on the 14:56 frame with the 216-217 target zone not cleanly broken and no exit stated before the stream ended - no points logged
2026-07-20,chinmay,syl2Kx5emtQ,00:21:00,09:21,NIFTY,24300 PE,breakout-close-confirm,172.53,154.89,223.65,,178,5.5,win,said,"Candle-close entry above a defended level (box 172.53 / SL 154.89 / target 223.65); at 09:39 he said it had moved 20 pts from entry and to part-book; at 09:44 he named a 178 trailing stop; the 10:15 ""20 and 22 points booked"" was chat; it crashed to 140.55 by the 10:17 frame so the 178 trail is used"
2026-07-20,chinmay,syl2Kx5emtQ,00:53:00,09:53,NIFTY,24100 CE,breakout-close-confirm,125.81,~115,142,162.96,142,16.2,win,frame,Missed by the sub-agent: he said a good candle above 125 would be chased with the SL under 115 and first target 142; box entry 125.81; he said the primary target was touched at 10:10; 156.90 live on the 10:17 frame clears 142; T2 162.96 is the drawn box top
2026-07-20,chinmay,syl2Kx5emtQ,03:59:00,12:59,NIFTY,24100 CE,consolidation-breakout-followup,122,~118,185,206,185,63,win,frame,"Hard trigger named in advance (trigger zone 122) after waiting for a small pullback candle; 193.70 live on the 14:07 frame clears T1 185; the ""closed and captured 67 points"" at 14:08 was him reading a viewer comment so T1 is used"
2026-07-20,chinmay,syl2Kx5emtQ,05:16:00,14:16,NIFTY,24300 PE,base-reversal-aggressive-or-confirm,~103,94,116,,,,unclear,frame,Base at 94-96 with an aggressive entry at 96 or confirmation above 103; frames at 14:39 and 15:05 show it stalling around 106-108 short of 116 and no exit was stated - no points logged
2026-07-21,chinmay,N6kA975_D3I,01:14:00,10:12,NIFTY,24400 PE,base-reversal-aggressive-or-confirm,193,184,218,246,218,25,win,said,Pin-bar reversal entered only above the pin-bar high (193) with the 184-185 base as stop; at 10:22 he said the primary target zone was hitting and at 10:31 that price reversed from the 218 target; the 10:15 frame shows live 203.75 with 218.69 as the drawn target
2026-07-21,chinmay,N6kA975_D3I,02:42:00,11:40,NIFTY,24100 CE,base-reversal-aggressive-or-confirm,~113,~106,,,~106,~-7,loss,unverified,He mentioned taking a 6-7 pt stop on a reversal while teaching liquidity zones; entry and stop not narrated separately and no frame isolates the box
2026-07-21,chinmay,N6kA975_D3I,02:58:00,11:56,NIFTY,24050 CE,trend-re-entry,~125,~118,140,,139,14,win,said,Rolled from 24100 CE to the cheaper 24050 CE after the stop and re-entered on a fresh base; at 12:01 he said the entry was around 125 with the 140 zone as target and at 12:03 that it touched 139
2026-07-21,chinmay,N6kA975_D3I,03:41:00,12:39,NIFTY,24400 PE,range-chop-scalps,,,,,,~-3,loss,unverified,Small attempt inside a barcode that never followed through; he said it did not work and cut it for small risk; no entry or stop narrated so it is kept out of the breakout setups
2026-07-21,chinmay,N6kA975_D3I,03:56:00,12:54,NIFTY,24400 PE,breakout-close-confirm,238,~227,~248,276,~249,~11,win,said,Entry once price traded above the 238-239 zone with an 11 pt stop and no follow-up or trigger wording; at 12:57 he said the 10 pt primary target hit; 271 at 13:00 was a live price callout; at 13:03 he said trail just below 250 and at 13:10 that it fell through the trail - done and dusted
2026-07-21,chinmay,N6kA975_D3I,05:21:00,14:19,NIFTY,24150 PE + 24200 CE,jodi-long-straddle,18,8,34,40,,,unclear,said,Combined premium ~18.5 (10.70 + 7.77) with SL 8 and a double target; the market went sideways and no jodi exit was stated before the transcript ended - no points logged
2026-07-22,chinmay,jCedaeF9RWg,00:31:00,10:22,SENSEX,77000 PE,consolidation-breakout-followup,341.17,337.71,400,424.65,424.65,83.5,win,frame,Hard trigger named in advance (work above 341 once price trades there) after a 25-30 min 320-341 base; box entry 341.17 SL 337.71; 400.85 on the 10:25:49 frame and 437.00 on the 10:26:19 frame clear the 424.65 target; a trailed runner he said closed near breakeven by 11:34 is not counted separately
2026-07-22,chinmay,jCedaeF9RWg,01:59:00,11:50,SENSEX,77000 PE,trend-re-entry,~337,~333,365,391.76,391.76,~55,win,frame,Fresh re-entry off a smaller 328-337 base after the first runner faded; he waited for a pullback above 335-336 rather than a trigger or follow-up candle; 409.00 on the 12:02:20 frame clears the ~392 target; his stretch levels (414-416) are not confirmed so T2 is used
2026-07-22,chinmay,jCedaeF9RWg,04:05:00,13:56,SENSEX,77000 PE,breakout-close-confirm,~459.7,~434,,,~434,~-25,loss,said,He called it a clear breakout entry not a pullback entry on a close above 459-460 and pre-accepted a 25-30 pt stop at the breaking candle low; high ~475.80 by 14:00 then 434.95 on the 14:03:20 frame so the stop was hit; the box label hints at a tighter ~452 stop so the exact loss is uncertain
2026-07-23,chinmay,Uu-LJo9Li30,00:18:00,09:19,SENSEX,76200 CE,range-breakout-direct,~324,~298,,,~298,~-26,loss,said,Raw poke above 324 with no follow-up wait; he said cut it around 298 when it was not moving in favour (09:35)
2026-07-23,chinmay,Uu-LJo9Li30,00:44:00,09:45,SENSEX,76200 CE,consolidation-breakout-followup,341.89,334.01,,,334.01,-7.88,loss,frame,He refused a trigger order and said let the breakout candle sustain then work above it once the follow-up candle also comes; the closed position tool on the 10:03 frame shows entry 341.89 stop 334.01 for -7.88
2026-07-23,chinmay,Uu-LJo9Li30,00:59:00,10:00,SENSEX,76200 CE,trend-re-entry,~350,~334,~408,,~396,~46,win,said,Fresh re-entry right after the stop; at 10:01 he said the profit spike was almost 46 pts and to lock the first target zone and trail; 429.75 on the 10:04 frame above the ~408 line; entry not stated so result uses his 46 pt figure
2026-07-23,chinmay,Uu-LJo9Li30,01:41:00,10:42,SENSEX,76400 CE,range-chop-scalps,~215,~195,,,,-58,loss,said,Repeated re-entries on the rolled 76400 CE while spot chopped; his 12:33 recap counts four attempts - three at a 19-20 pt stop and one cut cost-to-cost; logged as one row
2026-07-23,chinmay,Uu-LJo9Li30,02:03:00,11:04,SENSEX,76200 CE,trend-re-entry,506,477.66,574.18,,,,unclear,frame,Fresh position box on the 11:04 frame (entry 506 SL 477.66 target 574.18); pulled back to ~508 by 11:09 with no exit ever stated - no points logged
2026-07-23,chinmay,Uu-LJo9Li30,02:23:00,11:24,SENSEX,76900 PE,base-reversal-aggressive-or-confirm,~324,305,352,417,~524,~200,win,said,He waited for a strong green pin bar then said this zone where price is now is right with SL 305 (the agent had 305 as the entry); the 11:42 box shows entry ~323.86 with target 414.57; second target done 12:30 and all targets done 12:31; at 12:45 he said profit booked - double century; the 12:45 frame shows 591 so +200 is supported; a later re-entry box (373/507.88) is not logged separately
2026-07-23,chinmay,Uu-LJo9Li30,04:54:00,13:55,SENSEX,76400 CE + 76200 PE,jodi-long-straddle,80,38,150,,~167,87,win,said,Combined premium ~80 (40+40) with SL half and target double; the call leg ran while the put decayed; he stated 87 pts captured on the combined premium at 14:35
2026-07-23,chinmay,Uu-LJo9Li30,05:55:00,14:56,SENSEX,76000 CE,trend-re-entry,~235,,,,,,unclear,unverified,Small-quantity entry at the 235 zone with a big stop; at 14:58 he said a 30 pt move had come and to make it breakeven but no exit was stated and no frame covers it - no points logged
2026-07-23,chinmay,Uu-LJo9Li30,06:03:00,15:04,SENSEX,76000 CE,base-reversal-aggressive-or-confirm,~289.5,,340.6,,~334.7,~45,win,frame,Entry at the 286-290 zone after a bounce confirmation (he says bounce confirmation liya); at 15:03 he said it sharply touched the target zone and came back; the 15:04 frame box shows target 340.60 (drawn) with a high near 334.70 and price back at 297 - logged at the high not the drawn target; he called it 75900 but the chart label reads 76000 CE
2026-07-24,chinmay,U8CNQ0Rhwzs,00:21:00,09:20,NIFTY,23750 PE,base-reversal-aggressive-or-confirm,130.80,126.92,137,152,152,21.2,win,frame,Aggressive single-candle-risk entry at the day's swing top; box entry 130.80 SL 126.92; T1 137 hit at 09:24; 161.85 live on the 09:42 frame clears T2 152
2026-07-24,chinmay,U8CNQ0Rhwzs,00:36:00,09:35,NIFTY,23750 PE,trend-re-entry,146.06,145.21,175.27,,175.27,29.2,win,frame,Fresh box for late joiners (entry 146.06 SL 145.21 target 175.27); 180.35 live price on the 09:51 frame clears the target; later run past 190 not used
2026-07-24,chinmay,U8CNQ0Rhwzs,02:16:00,11:15,NIFTY,23650 CE,breakout-close-confirm,136.01,132.75,184,,~171.25,~35,win,frame,Entry above the named 136 level with no follow-up or trigger wording; drawn target 184; he claimed 41 pts at 12:06 but the 12:06 frame shows live price 171.25 (the agent's 164.92 was the mouse-cursor label) so the open mark 171.25 is used
2026-07-24,chinmay,U8CNQ0Rhwzs,03:35:00,12:34,NIFTY,23850 PE,range-breakout-direct,~156,148.58,,,148.58,-7.5,loss,said,First attempt right after rolling to the new strike at 12:32 with no follow-up or trigger narration; he stated a 7.5 pt cut; the 12:41 frame shows price already below 148.58
2026-07-24,chinmay,U8CNQ0Rhwzs,04:32:00,13:31,NIFTY,23850 PE,trend-re-entry,~151.4,148.58,172.55,194,~166.6,~15,win,frame,He called entry above the 151-152 zone at 13:31; at 13:44 he said it had hardly moved 16 pts and to part-book and make it risk free; 166.60 live on the 13:43 frame with the 172.55 target not reached; the PE then collapsed to 124 by 14:07 so only part-booked holders kept this - logged at the open mark
2026-07-24,chinmay,U8CNQ0Rhwzs,04:57:00,13:56,NIFTY,23800 CE,pullback-first-green-candle,122.40,119.96,137,159.42,137,14.6,win,frame,He took the pullback entry at the 121-122 zone (13:56) after the structure he wanted did not form; box entry 122.40 SL 119.96; 137 was his part-booking zone and 140.30 live on the 14:07 frame clears it; 159.42 is the drawn next target (the agent read it as a price); his 24 pts total claim implies the ~146 high which is not used
2026-07-24,chinmay,U8CNQ0Rhwzs,05:32:00,14:31,NIFTY,23800 CE,trend-re-entry,127.12,113.68,143.06,,~118,-9.1,loss,said,Fresh box on the same CE (entry 127.12 stop 113.68 target 143.06); stop trailed up as price sagged to 118.95 by 14:46; he called the trail hit at 118 near 14:57
2026-07-27,chinmay,XYoKV_bXMD8,01:24:00,10:23,NIFTY,23850 CE,range-chop-scalps,~152,~142,170,187,,-15,loss,said,His own recap of three small morning losses (8 + 3 + 4 pts) while the 23850 CE chopped in a 148-162 box; individual entries are not distinguishable so they are logged as one row and kept out of the breakout setups
2026-07-27,chinmay,XYoKV_bXMD8,04:32:00,13:31,NIFTY,24050 PE,consolidation-breakout-followup,124,~118,142,,~118,~-6,loss,frame,Hard-trigger entry above the 124 hurdle with SL at the breakout candle low as he narrated; the 13:39 frame shows the position box at open P&L -6.42 against a 6.15 pt stop; he moved straight on to a fresh 116 re-entry idea
2026-07-27,chinmay,XYoKV_bXMD8,05:23:00,14:22,NIFTY,23850 CE,aggressive-continuation-entry,~164,~158,187,203,187,~23,win,frame,He said the pullback he wanted never formed so he worked the breakout candle itself; box target +22.27 and stop 6.11; 193.20 on the 14:31 frame clears T1 187; the 204.10 on later frames is the next box's drawn target (peak ~200) so T2 203 is not confirmed and the trade is logged at T1
2026-07-27,chinmay,XYoKV_bXMD8,05:31:00,14:30,NIFTY,23850 CE,trend-re-entry,178.34,176.36,204.1,,,,unclear,unverified,New tighter position box on the 14:31 frame (entry 178.34 SL 176.36 target 204.10 with open P&L +14.86 at 193.20); price was back at ~180 by 14:42 near the stop and no exit was stated - no points logged
2026-07-28,chinmay,nlcPnRhXJDs,00:20:00,09:18,NIFTY,24150 PE,base-reversal-aggressive-or-confirm,133.55,~118,149,194,~150,~16.5,win,said,Box entry 133.55 off the 125-133 day-low base; at 09:24 he said T1 ~149 hit then the 154 target done then trail to ~150 with max profit booked; he said 28 pts at 162 (162-28=134 matching the entry); price fell to 140 by 09:42 so the exit is the ~150 trail; the agent's 196 exit came from a later box's drawn target
2026-07-28,chinmay,nlcPnRhXJDs,00:33:00,09:31,NIFTY,24150 PE,consolidation-breakout-followup,159.7,157.27,170.12,194,157.27,-2.4,scratch,frame,"Re-entry he framed as waiting for the follow-up (""if the follow-up comes we can work again"" at 09:31) above 160 with SL first at 149 then near breakeven; box entry 159.70 SL 157.27 T 170.12; peaked ~170 then fell to 140 by the 09:42 frame so the trailed stop was hit"
2026-07-28,chinmay,nlcPnRhXJDs,00:41:00,09:39,NIFTY,23850 CE,breakout-close-confirm,176.76,169.86,202.38,,169.86,-6.9,loss,frame,Box entry 176.76 SL 169.86 T 202.38 (the agent read the 202 target label as a peak); 171.85 on the 09:42 frame and 137.60 on the 10:06 frame so the stop was hit; trigger wording not confirmed
2026-07-28,chinmay,nlcPnRhXJDs,01:03:00,10:01,NIFTY,24150 PE,pullback-first-green-candle,~154,~144,170,190,170,~16,win,frame,Pullback to the 153-154 zone the blasting move came from; he said they planned near 150 and a pin bar formed with a small SL; at 10:07 he called 170 the booking zone to trail and book; 176.85 on the 10:06 frame; 196.90 on that frame is the box's drawn target (candles topped ~183)
2026-07-28,chinmay,nlcPnRhXJDs,02:52:00,11:50,NIFTY,23850 CE,telegram-vip-call,155,138,172,187,,,unclear,unverified,Telegram VIP call (11:35 message: entry 153-157 SL 138 TP 172/187/207) recapped at 11:50 as having run from 150 to near 189 with major booking near 187; no frame shows the option near 187 so no points under the Telegram rule
2026-07-28,chinmay,nlcPnRhXJDs,04:03:00,13:01,NIFTY,24150 PE,base-reversal-aggressive-or-confirm,~151,~144,,,~177,~26,win,said,Reversal at the 148-152 base with a 7-8 pt stop; at 13:02 he said bring it cost-to-cost as momentum fizzled but at 13:20 said this trade ran from 152 to 187 for 30-35 pts; 187 is a peak claim (frames show ~188.5) so the 177.40 print on the 13:21 frame is used as an open mark
2026-07-28,chinmay,nlcPnRhXJDs,04:14:00,13:12,NIFTY,24150 PE,trend-re-entry,168.07,162.75,196.74,,~177,~9,win,frame,Fresh entry for those who missed (he said 167 with a 5 pt SL at 162); box entry 168.07 SL 162.75 target 196.74; he said book 15-20 if 196 comes but 196.74 is the drawn target and candles peaked ~188.5; 177.40 on the 13:21 frame used as an open mark
2026-07-28,chinmay,nlcPnRhXJDs,05:41:00,14:39,NIFTY,24150 PE,base-reversal-aggressive-or-confirm,~159,~157,178,,178,19,win,frame,Pin-bar close at 14:41 with entry above it and a 157 stop trailed to 156 then breakeven; 178.29 on the 14:46 frame is the drawn target (price 169.65) but the 15:02 frame shows 191.10 so the target was hit
2026-07-29,chinmay,aWD9ZCXlChk,00:20:00,09:20,SENSEX,77500 PE,breakout-close-confirm,262.55,242.7,340.4,,294,31.45,win,frame,Numbers from his TRADE RECORDS journal (seen at 10:33); breakout of the 260-270 base; no follow-up-candle narration found at the entry so not counted under the core setup
2026-07-29,chinmay,aWD9ZCXlChk,00:36:00,09:36,SENSEX,77300 CE,consolidation-breakout-followup,380,369,471.2,,412,32,win,frame,Numbers from his journal; he taught the entry live - the breakout candle could not sustain and printed a pin bar so work above the attempt only once the follow-up comes; T1 411 said hit at 09:40
2026-07-29,chinmay,aWD9ZCXlChk,01:16:00,10:16,SENSEX,77300 CE,range-breakout-direct,414.7,403,471,,403,-11.7,loss,frame,Numbers from his journal; immediate re-entry into the same strike right after booking the previous trade with no fresh base or follow-up candle
2026-07-29,chinmay,aWD9ZCXlChk,04:46:00,13:46,SENSEX,77300 CE,pullback-first-green-candle,~415,399,452,~493,450,35,win,frame,Pin-bar entry after the CE pulled back from a 440 high into the 375-415 base; 449.55 on the 13:48 frame matches his stated 450 and 36 pts; ran to 485.77 later but no further exit was stated so T1 is used
2026-07-29,chinmay,aWD9ZCXlChk,05:26:00,14:26,NIFTY,24150 CE,telegram-vip-call,188,,,,206,18,win,frame,Telegram VIP call (entry 186-190) not charted live; his own channel screen on the 15:05 frame shows Target 1 done with LTP 206 - an outcome frame so points are logged under the Telegram rule
2026-07-30,chinmay,5uyR5XEbx4M,00:31:00,09:34,SENSEX,77900 PE,liquidity-sweep-reversal,303,285,345,418,345,42,win,said,PE swept toward the day low then printed a single reversal candle above the 298-303 zone; 320s-350s on the 09:37-09:42 frames; he confirmed T1 345 comfortably achieved; T2 418 never confirmed
2026-07-30,chinmay,5uyR5XEbx4M,01:20:00,10:23,SENSEX,77400 CE,range-breakout-direct,~281,~268,,,~268,~-13,loss,said,First direct CE attempt before the trendline actually broke; he said a 13 pt SL was forming and cut it; entry and SL inferred (not stated numerically); ~244 on the 10:23 frame
2026-07-30,chinmay,5uyR5XEbx4M,02:03:00,11:06,SENSEX,77400 CE,consolidation-breakout-followup,268,259,310,327,~325,~57,win,said,Hard-trigger entry above 266 out of a squeeze (he said the pullback was not coming so a higher-high key level would give a small-SL entry and he would skip it if price dipped below 240 first); 325.29 candle high on the 11:17 frame; his 13:14 recap says both targets touched; logged at ~325 not the later 449-498 highs
2026-07-30,chinmay,5uyR5XEbx4M,02:49:00,11:52,SENSEX,77900 PE,breakout-close-confirm,299,285,344,,285,-15,loss,said,Re-entry above the 299-300 zone with no follow-up or trigger narration found; he said to cut it at the stated 15 pt stop once it closed back below the 288 base; 297.61 on the frame just before the cut
2026-07-30,chinmay,5uyR5XEbx4M,03:49:00,12:52,SENSEX,78000 PE,base-reversal-aggressive-or-confirm,208,200,275,,275,67,win,said,He named an aggressive entry near 232 with a 34 pt SL versus the confirmation entry near 208 with an 8-9 pt SL and took the confirmation one; he confirmed T1 275 hit and said to part-book; later highs near 485 not used
2026-07-30,chinmay,5uyR5XEbx4M,05:03:00,14:06,SENSEX,77800 CE + 77600 PE,jodi-long-straddle,62,30,110,130,~90,30,win,said,Combined-premium jodi on the expiry afternoon; he stated net net 30 rupees made; legs not visible on the chart panels so this rests on his numbers
2026-07-30,chinmay,5uyR5XEbx4M,05:30:00,14:33,SENSEX,77700 CE + 77500 PE,jodi-long-straddle,47,24,80,85,~92,45,win,said,Second jodi with its own strikes and levels; he tracked the combined premium through 70-72 and said it roughly doubled for a 1:2 exit off the 24 pt SL; his handwritten note on the 14:39 frame reads 70-95 / 45 / 24
2026-08-03,chinmay,BUOVhZ-vdlo,00:30:00,09:44,NIFTY,24400 CE,breakout-close-confirm,181,174,194,,194,13,win,said,Entry on a strong candle close above the 171-178 barcode base - he said the candle closed well so 181 is the entry with SL 174 and noted the follow-up had not come yet; position box entry 181.00 stop 174.09; he told everyone to book at 194
2026-08-03,chinmay,BUOVhZ-vdlo,03:00:00,12:14,NIFTY,24400 CE,trend-re-entry,~212,~201,~228,,~228,~16,win,frame,Continuation re-entry once spot broke the 24600 round number; position box stop 201.5 target 228.53 with live price 228.56 so the target was tapped; gave nearly all of it back to ~188-202 by 13:00 after the hit
2026-08-03,chinmay,BUOVhZ-vdlo,04:24:00,13:38,NIFTY,24700 PE,liquidity-sweep-reversal,132,126,150,155,,,unclear,frame,Bottom-scratch entry with a strict 6 pt SL after waiting all morning; 131.40 on the entry frame; ranged 131-140 for the rest of the session with the SL trailed to breakeven twice; no exit ever stated and he called the day roughly breakeven - no points logged
2026-08-03,chinmay,BUOVhZ-vdlo,04:46:00,14:00,NIFTY,unspecified CE,telegram-vip-call,~188,,~208,,,,unclear,unverified,Recapped as a Telegram VIP call (entry ~188 target ~208) but never charted on the free stream and no outcome frame - no points logged
2026-08-04,chinmay,zmnPW3HauhM,00:14:00,09:19,NIFTY,24450 CE,breakout-close-confirm,~163,~151,176,193,180,17,win,frame,Reclaim of the prior-day 163 resistance right at the open with a 12 pt SL; entry on a close above the level with no follow-up-candle narration; LTP 180.01 on the 09:29:59 frame matches his 163-to-180 recap
2026-08-04,chinmay,zmnPW3HauhM,00:42:00,09:47,NIFTY,24450 CE,breakout-close-confirm,~177,168,195,,~178,0,scratch,said,Re-entry for a fresh push to 195; recent high tag 190.59 then faded; he called it cost-to-cost at 10:50 (while also mentioning ~10 pts early) - no clean booked exit so logged as scratch
2026-08-04,chinmay,zmnPW3HauhM,01:00:00,10:05,SENSEX,~78400 CE,telegram-vip-call,~209,,,,,,unclear,unverified,Telegram-only call mentioned once (209-213 to 240 per host); strike and index are a guess; never charted so no points logged
2026-08-04,chinmay,zmnPW3HauhM,01:03:00,10:08,NIFTY,24750 PE,breakout-close-confirm,138,129,160,,158,20,win,frame,Candle-close entry above a ~40 min base; LTP 158.05 on the 10:24:59 frame at his stated booking zone; it ran on to ~172 but no later exit was narrated so the booking level is used
2026-08-04,chinmay,zmnPW3HauhM,03:00:00,12:05,NIFTY,24750 PE,pullback-first-green-candle,232,224,,,~249,17,win,said,Entry near the base of a strong breakout candle after a ~200 pt spot drop; spiked to 256 then settled ~233-238; he said only ~16-18 pts were captured so the exit is taken there not at the peak
2026-08-04,chinmay,zmnPW3HauhM,03:24:00,12:29,NIFTY,24550 CE + 24450 PE,jodi-long-straddle,45,20,75,,~60,15,win,said,Long straddle taught live; combined premium tracked 46>52>58>60; he stated a 3000-capital jodi made 1000 (~33%); the PE leg alone was 62.34 on the 14:57:58 frame near the booking call
2026-08-04,chinmay,zmnPW3HauhM,04:05:00,13:10,NIFTY,24750 PE,breakout-close-confirm,269,257,278,,278,9,win,frame,Second re-entry in the same option on a candle-close breakout; the 13:14:59 frame shows the candle high at exactly 278.60 matching his target
2026-08-04,chinmay,zmnPW3HauhM,04:50:00,13:55,NIFTY,24500 CE + 24400 PE,jodi-long-straddle,36,18,61,,,,unclear,unverified,Second jodi offered to viewers who missed the first; no exit ever narrated so the result cannot be resolved
2026-08-05,chinmay,u-jxNXi-O_M,00:33:00,09:40,SENSEX,78900 CE,base-reversal-aggressive-or-confirm,~280,275,312,,~275,-5,loss,said,Aggressive reversal above the 280 make-or-break level with a deliberately tiny ~5 pt SL; he said it lost steam and cut it fast
2026-08-05,chinmay,u-jxNXi-O_M,00:58:00,10:05,SENSEX,79100 PE,pullback-first-green-candle,~417,~403,,,,,unclear,unverified,Entry above the first green candle in the 415-420 zone; reached a 509.01 high on the 10:16 frame; the 499 exit was a viewer's booking he reacted to (not his own exit) and no target was hit before he rolled to 78700 PE by 10:45 - so no points logged
2026-08-05,chinmay,u-jxNXi-O_M,02:00:00,11:07,SENSEX,78700 PE,base-reversal-aggressive-or-confirm,209,191,228,296,296,87,win,frame,Waited for the ~209 base to hold (17-18 pt risk); T1 228 on the 11:09 frame (228.35) and T2 296 on the 11:21-11:34 frames (296.22) and said live; no later exit stated for this position so logged at T2; the 462 trail belongs to a later re-entry box
2026-08-05,chinmay,u-jxNXi-O_M,02:07:00,11:14,SENSEX,78900 PE,telegram-vip-call,~285,,,,,,unclear,unverified,Telegram VIP call (entry 283-287) never charted on the free stream; the 11:14 frame shows the channel message with a self-reported running P&L of Rs348; no points logged
2026-08-05,chinmay,u-jxNXi-O_M,03:29:00,12:36,SENSEX,78700 PE,trend-re-entry,442.3,434.93,545.2,,462,20,win,frame,New position box on the same option (12:36 frame: entry 442.30 SL 434.93 target 545.20); at 12:42 he told holders to trail to 462; high 543.91; 457.65 on the 14:59 frame so the trail was hit; entry trigger not narrated
2026-08-06,chinmay,VRl6SfYXXiQ,00:24:00,09:25,SENSEX,78800 PE,range-breakout-direct,306.4,280.6,358,,298,-8.4,loss,frame,First breakout attempt above the 291-307 base with no follow-up candle; numbers taken from his own on-screen trade journal (12:06 frame); cut fast when it could not sustain
2026-08-06,chinmay,VRl6SfYXXiQ,00:31:00,09:32,SENSEX,78800 PE,consolidation-breakout-followup,310.8,293,357,,368,57.2,win,frame,Immediate follow-up re-entry on the same level; journal exit 368 booked ~10:04; a later ~382-390 peak came after that booking so it is not used as the exit
2026-08-06,chinmay,VRl6SfYXXiQ,01:18:00,10:19,SENSEX,78800 PE,pullback-first-green-candle,319.6,306,364,,366,46.4,win,frame,"Second re-entry after the peak faded; matches his live ""364 dot touch"" call; journal exit 366"
2026-08-07,chinmay,ayYEP_dKaLY,00:58:00,09:58,NIFTY,24500 CE,consolidation-breakout-followup,215,206,239,,~213,~-2,scratch,frame,"Follow-up entry above the 214-215 candle high; momentum never came so SL trailed to near cost; 209-214 on the 10:10 frame - matches his ""almost cost-to-cost"" recap"
2026-08-07,chinmay,ayYEP_dKaLY,01:15:00,10:15,NIFTY,24700 PE,consolidation-breakout-followup,178,172,189,,189,13,win,frame,Follow-up candle above the 173-178 base after repeated attempts; ~10 pts partial booked near 188; 191.85 on the 10:31 frame clears T1
2026-08-07,chinmay,ayYEP_dKaLY,03:15:00,12:15,NIFTY,24700 PE,consolidation-breakout-followup,~198,190,224,244,224,26,win,said,Re-entry once the PE broke above the 200 round number; swept down to 177.52 at 14:06 then back to 223.34; his recap states a 26 pt target was hit; the peak 223 is not used as the exit; PE gave it all back to ~162 by the close
2026-08-07,chinmay,ayYEP_dKaLY,04:33:00,13:33,SENSEX,78400 PE,telegram-vip-call,~391,,,,,,unclear,unverified,Telegram-relayed call never charted on the free stream - no Sensex option frame exists; he mentioned ~60 pts showing at 14:11 and called 469 the top; self-reported only so no points logged
2026-08-07,chinmay,ayYEP_dKaLY,04:55:00,13:55,NIFTY,24500 CE,liquidity-sweep-reversal,~176,~170,~184,,~154,-6,loss,frame,SBI-results sweep at a pre-marked third-test support; he called the entry exact but the 14:06 frame shows 154.25 - well past the stop; the sweep was continuation into news not a reversal
2026-08-18,chinmay,sj_SDOjZFSI,00:13:00,09:25,NIFTY,24100 CE,consolidation-breakout-followup,148,143,169,183,183,35,win,frame,Entered just above the breakout-attempt candle (not the poke through 148) with ~5 pt risk; T1 169 hit by 09:27 then risk-free and trailed; 184.17 on the 09:49 frame confirms T2 183; it round-tripped to ~136 later but long after booking
2026-08-18,chinmay,sj_SDOjZFSI,00:35:00,09:47,NIFTY,24400 PE,consolidation-breakout-followup,~175,167,196,,196,21,win,frame,Breakout of a level defended since 09:43; 197.30 on the 10:22 frame confirms the target
2026-08-18,chinmay,sj_SDOjZFSI,01:40:00,10:52,NIFTY,24400 PE,aggressive-continuation-entry,197,~185,219,232,~220,23,win,said,"He wanted a pullback into 177-183 but it never came so he took what he called an aggressive entry with a bigger ~9-12 pt stop; trailed 191>195>209; T1 219 hit and ""fully booked"" ~11:31; he called the move 28 pts; T2 232 never confirmed"
2026-08-18,chinmay,sj_SDOjZFSI,03:11:00,12:23,NIFTY,24100 CE,pullback-first-green-candle,~117,~105,131,139,~118,0,scratch,frame,Pullback re-entry after the big morning move; rallied to ~130 then in his words came back to where it started; 117.90 on the 12:38 frame
2026-08-18,chinmay,sj_SDOjZFSI,03:32:00,12:44,NIFTY,24200 CE + 24200 PE,jodi-long-straddle,39,~19,,,~28,-10.5,loss,said,ATM straddle in the afternoon chop; spot stayed pinned to 24200 so both legs bled; cut at ~14:49 well inside the planned stop
2026-08-20,chinmay,2gndmZYrtPw,00:09:00,13:47,SENSEX,77200 CE,telegram-vip-call,282,262,306,346,,,unclear,unverified,Pre-market Telegram alert (screenshot shows entry 282-286 SL 262 TP 306/326/346); he claims it ran to ~428 for ~118 pts but this strike never appears as a live chart and his two numbers do not reconcile - no points logged
2026-08-20,chinmay,2gndmZYrtPw,00:22:00,13:59,SENSEX,77900 PE,consolidation-breakout-followup,354,333,421,,~350,~-4,scratch,frame,Breakout above the 353 hurdle with SL at the breakout candle low; trailed 333>341>~350; peaked 392.80 then reversed; 332-346 on the 14:20 frame so booked near breakeven. His recap claims a separate +40 re-entry near 350 but no second position box exists - not logged separately to avoid double counting
2026-08-20,chinmay,2gndmZYrtPw,00:53:00,14:30,SENSEX,77300 CE,consolidation-breakout-followup,283,265,311,368,265,-18,loss,unverified,Breakout above the 283 base; 288.94 and in profit on the 14:35 frame; no exit narrated; a ~15:16 frame shows the panel well below the 265 stop so logged as stopped there
2026-08-21,chinmay,Gxy5ftj5Z6U,00:52:00,09:53,NIFTY,24200 CE,range-breakout-direct,~141,135,164,166,135,-6,loss,frame,"Waited ~15 min for a 131-133 pullback that never came then bought the raw breakout candle; SL hit at 10:04 (he says ""hit ho gaya""); 10:04 frame shows the candle low at 134.00"
2026-08-21,chinmay,Gxy5ftj5Z6U,01:52:00,10:53,SENSEX,77700 CE,telegram-vip-call,426,404,448,468,,,unclear,unverified,Telegram-only entry narrated after the fact; the 11:04 frame shows the actual VIP message (BUY 77700 CE 424-428 SL 404 TP 448/468/508); he confirmed the fill and T1 hit then trailed to 419; TP2/TP3 never confirmed; outcome only stated verbally (the frame shows the call message not its result) so no points under the Telegram rule
2026-08-21,chinmay,Gxy5ftj5Z6U,02:32:00,11:33,NIFTY,24400 PE,base-reversal-aggressive-or-confirm,143,137,153,164,153,~10,win,said,Took the confirmation entry (143 - 6.5 pt risk) over the aggressive 138/139 alternative; 151.10 on the 12:08 frame; told viewers to book near 153 and trail the rest to breakeven; logged at confirmed T1 though it likely ran further
2026-08-21,chinmay,Gxy5ftj5Z6U,05:07:00,14:08,SENSEX,77800 PE,consolidation-breakout-followup,423.67,400.55,461,,~400,-21,loss,frame,He waited for a clear higher high after a failed breakout rather than a pullback - his stated rule - and it still failed; SL cut at 14:17; 390.15 on the 14:31 frame
2026-08-25,chinmay,hkQBf4EvCuo,00:20:00,09:20,NIFTY,24300 PE,base-reversal-aggressive-or-confirm,120,111,153,157,111,-9,loss,frame,"Reversal at the PE base with an 8 pt SL; stopped by 09:29-09:34 per frames; he shrugged it off (""koi baat nahi"")"
2026-08-25,chinmay,hkQBf4EvCuo,01:05:00,10:05,NIFTY,24000 CE,pullback-first-green-candle,163,154,183,193,195,~32,win,said,Pullback entry into the 153-158 base; SL trailed 154 then 195 by 11:56; exit taken at the last named trail not the ~210 peak
2026-08-25,chinmay,hkQBf4EvCuo,04:04:00,13:04,NIFTY,24000 CE,base-reversal-aggressive-or-confirm,~150,~145,170,187,185,~35,win,said,"Re-entry after a deep pullback into the 140s with a visibly redrawn smaller position box; he said ""150 se 185""; the CE ran on to 228 by 14:33 but no separate entry was stated so that leg is not logged"
2026-08-25,chinmay,hkQBf4EvCuo,04:29:00,13:29,NIFTY,24300 PE,liquidity-sweep-reversal,144,138,160,,160,16,win,frame,Day-low sweep then pin bar and follow-up green candle; T1 160 booked; the PE later crashed to ~112 by 13:55 so the tight trail mattered
2026-08-25,chinmay,hkQBf4EvCuo,05:20:00,14:20,NIFTY,24200 CE + 24150 PE,jodi-long-straddle,25,13,45,,~47,22,win,said,"Combined premium ~25 with SL half and target roughly double; he stated the net result himself (""jodi net net 22 ka profit"")"
2026-09-03,chinmay,vK9x0XEwaAg,00:28:00,09:30,SENSEX,76600 CE,consolidation-breakout-followup,303,275,376,384,~336,~33,win,frame,Hard-trigger entry above 297-303 make-or-break band; peak 365.45 then 336.75 on the 09:48 frame; 376/384 never seen hit; exit not stated so marked at last frame
2026-09-03,chinmay,vK9x0XEwaAg,00:58:00,10:00,SENSEX,77200 PE,consolidation-breakout-followup,~377,357,407,550,~511,~134,win,frame,Textbook breakout + follow-up taught live; 405 at 10:17 / 532.55 at 11:18 / 444 at 11:41 / 511 at 12:03 then rolled into 77000 PE
2026-09-03,chinmay,vK9x0XEwaAg,02:10:00,11:12,SENSEX,76600 CE,base-reversal-aggressive-or-confirm,~194,180,236,320,233,~39,win,said,Pin-bar re-entry after the CE cheapened; SL trailed 192>208>214>233; price hit 254-270 then crashed to 163-190 by 12:19 so exit taken at the 233 trail
2026-09-03,chinmay,vK9x0XEwaAg,03:05:00,12:07,SENSEX,77000 PE,pullback-first-green-candle,~305,~290,389,524,389,~84,win,said,Rolled from 77200 PE; single-candle entry at the 300-309 bounce zone (entry inferred - host on a call 12:13-12:17); he said it touched target directly; 392.20 on the 12:19 frame
2026-09-03,chinmay,vK9x0XEwaAg,03:56:00,12:58,SENSEX,76400 CE,consolidation-breakout-followup,~310,287,340,394,340,~30,win,frame,Breakout + follow-up taught again; SL trailed 309>322>324; T1 340 cleared and a tick at 394.29 on the 13:19 frame; exit not stated so booked at T1
2026-09-04,chinmay,YtqPA0aKkzE,00:31:00,09:46,NIFTY,23900 CE,consolidation-breakout-followup,136,130,149,168,149,~13,win,said,Breakout above the tight 136-139 base after two failed pokes; T1 149 said tagged ~09:52; final exit not stated; the 171.55 high on the 11:33 frame belongs to a later re-entry box (entry ~158.7 SL 154.9) not this position
2026-09-04,chinmay,YtqPA0aKkzE,00:52:00,10:07,NIFTY,24050 PE,range-breakout-direct,134,129,145,156,129,-5,loss,frame,Direct breakout entry without a follow-up candle; strict SL 129; 124 on the 10:35 frame
2026-09-04,chinmay,YtqPA0aKkzE,02:29:00,11:44,NIFTY,24050 PE,liquidity-sweep-reversal,~117,~111,125,139,139,~22,win,frame,First reversal sign after the PE swept the day's distribution zone; T1 125 said hit; SL trailed to 124 then 122 and never touched; 141-142 on the 12:37 frame clears T2 139
2026-09-04,chinmay,YtqPA0aKkzE,03:23:00,12:38,NIFTY,23900 CE,pullback-first-green-candle,~142,136,155,,149,~7,win,said,Pullback entry after the morning CE cooled; 154.86 near T1 at 14:28; host said trailing SL hit at 149 at 14:40
2026-09-07,chinmay,JhSkNorpW6w,00:35:00,09:37,NIFTY,24000 PE,range-breakout-direct,~174,166,204,,166,-8,loss,said,Momentum stalled after entry; stopped quickly; rolled to cheaper 23950 PE right after
2026-09-07,chinmay,JhSkNorpW6w,00:44:00,09:46,NIFTY,23950 PE,consolidation-breakout-followup,136.9,128.4,143.7,181,~165,~27,win,frame,Rolled here after the previous SL; follow-up green candle after a 3-4 candle consolidation; spot broke 23800; trailed 144>148>152>155>161; peak ~171 by 11:15; 181 target never hit on frames
2026-09-07,chinmay,JhSkNorpW6w,02:39:00,11:41,NIFTY,23750 CE,base-reversal-aggressive-or-confirm,~113,107,125,138,~123,~10,win,unverified,Pin-bar reversal near demand zone after a long put move; day-low SL; part-booked ~123 then rolled to 23700 CE
2026-09-07,chinmay,JhSkNorpW6w,04:03:00,13:05,NIFTY,23950 PE,base-reversal-aggressive-or-confirm,~165,161,181,,~158,-7,loss,unverified,First-bounce attempt with 3-4 pt risk; closing candle broke the zone; cut per plan
2026-09-07,chinmay,JhSkNorpW6w,04:36:00,13:38,NIFTY,23700 CE,consolidation-breakout-followup,~149,141,165,,165,16,win,said,Hard trigger above 149 hurdle to trap last sellers; target 165 called hit ~13:55
2026-09-07,chinmay,JhSkNorpW6w,05:38:00,14:40,NIFTY,23950 PE,pullback-first-green-candle,~140,136,147,160,~147,~7,win,unverified,W-pattern reversal near demand zone late day; 3-5 pt risk; T1 booked into close
2026-09-07,chinmay,JhSkNorpW6w,05:44:00,14:46,NIFTY,23700 CE,late-re-entry-fade,~136,133,147,,~133,-3,loss,unverified,Late re-entry near a zone that had already given its big move; stopped in 3pm chop
2026-09-08,chinmay,s3r5EJy4cw8,00:20:00,09:20,NIFTY,23850 PE,consolidation-breakout-followup,161,153,178,184,~172,11,win,said,Follow-up candle above 158-160 base; SL trailed 154>163>165>167>BE; viewers booked 9-25 pts by 09:44
2026-09-08,chinmay,s3r5EJy4cw8,01:04:00,10:02,NIFTY,23850 PE,consolidation-breakout-followup,180.2,171,184,198.4,~171,-9,loss,frame,Second breakout above 180; option stalled ~182 while spot moved; he said accept the SL at 10:06; frame 10:07 shows 167.50
2026-09-08,chinmay,s3r5EJy4cw8,02:01:00,11:01,NIFTY,23550 CE,base-reversal-aggressive-or-confirm,141,134,154,173,~141,0,scratch,unverified,Pin-bar reversal after a long wait; moved +6-9 then chopped; exit not stated
2026-09-08,chinmay,s3r5EJy4cw8,03:15:00,12:15,NIFTY,23850 PE,consolidation-breakout-followup,~182,172,184,209.4,~199,~17,win,frame,Afternoon trendline-break resumption; PCR 0.56 max pain 23800; PE ~199 at 13:50; 209.38 target never hit on frames
2026-09-08,chinmay,s3r5EJy4cw8,04:14:00,13:12,NIFTY,23700 CE + 23650 PE,jodi-long-straddle,52,27,85,100,~85,~33,win,unverified,Combined-premium straddle on expiry day; long flat theta bleed then spot fell late; combined ~85 reported but not shown on a frame
2026-09-08,chinmay,s3r5EJy4cw8,05:09:00,14:09,NIFTY,23850 PE,pullback-first-green-candle,183,179,195,208,~190,~7,win,unverified,4-pt-risk pin-bar reversal late day; some booked +6-7; others claimed 197+
2026-09-10,trade-circuit,_v3ieKuYGRc,01:21:00,10:38,SENSEX,74700 CE,close-above-level-entry,218,~193,240,258.8,~258,~40,win,said,Guest host; entry on spot candle close above marked line; SL/target on spot chart; part-booked 20/33/40
2026-09-10,trade-circuit,_v3ieKuYGRc,01:52:00,11:09,SENSEX,74600 CE,close-above-level-entry,257.05,232,280,328.04,~300,~45,win,frame,Rolled from 74700 CE; host claimed +65 but frames show peak ~305-313; 328.04 was the drawn target
2026-09-10,trade-circuit,_v3ieKuYGRc,02:24:00,11:41,SENSEX,74900 PE,pullback-to-marked-zone,239,~213,~259,,~220,-19,loss,said,Aggressive entry into marked zone; ran +20 then reversed below entry
2026-09-10,trade-circuit,_v3ieKuYGRc,04:32:00,13:49,SENSEX,74600 CE,close-above-level-entry,237,~213,257,,~227,-10,loss,said,Re-entry after spot re-marked level; stopped quickly (after the 12:23 BSE glitch)
2026-09-10,trade-circuit,_v3ieKuYGRc,04:45:00,14:02,SENSEX,74900 PE,pullback-to-marked-zone,239,~226,260,,~257,18,win,said,Pullback entry after a strong rejection candle; booked early
2026-09-10,trade-circuit,_v3ieKuYGRc,05:21:00,14:38,SENSEX,74900 CE + 74400 PE,jodi-long-straddle,~105,~55,~205,,,,unclear,unverified,Combined straddle 57+48; combined SL 50 target 100; final exit not shown before stream ended
2026-09-11,trade-circuit,qEYKvXFibAU,00:17:00,12:59,NIFTY,23300 CE,close-above-level-entry,142,132,,,~133,-9,loss,frame,Guest method on Nifty; entry on spot close above the marked line with ~10 pt SL; frame 13:15 shows the closed spot box at -9.21; cut fast
2026-09-11,chinmay,qTDwaNEZ2RY,00:33:00,09:35,NIFTY,23150 CE,range-breakout-direct,181,170,210,,173.6,-7.5,loss,frame,Breakout above pin-bar high 178 failed; trapped; cut fast at 09:40
2026-09-11,trade-circuit,qEYKvXFibAU,00:44:00,13:26,NIFTY,23300 CE,close-above-level-entry,~128,,,,~192,~64,win,frame,Re-entry on the next black-line close after the first SL; SD1/SD2 zones used as trailing targets; 220 high by 14:12; exit never stated so marked at the 14:15 frame (192) while still open - an open mark not a booked figure
2026-09-11,chinmay,qTDwaNEZ2RY,01:03:00,10:06,NIFTY,23150 CE,consolidation-breakout-followup,182,173,210,244,210,28,win,frame,3rd attempt; tight consolidation at top; follow-up candle entry; spot broke 23269-276 base to 23312; trailed 177>182>184>192>197
2026-09-11,trade-circuit,qEYKvXFibAU,01:44:00,14:26,NIFTY,23400 CE,close-above-level-entry,~129,~116,~140,,~129,~10,win,said,Rolled to 23400 CE once 23300 CE ran too far; touched 149.5 then gave it back; his recap says 10 pts booked twice before a shakeout; exit near cost ~15:01
2026-09-11,chinmay,qTDwaNEZ2RY,01:45:00,10:47,NIFTY,23350 PE,liquidity-sweep-reversal,128.3,123.2,139,155.6,~125,0,scratch,said,Swept prior low (~120) then bullish candle; went +7 then faded; trailed to cost 11:07
2026-09-11,chinmay,qTDwaNEZ2RY,02:19:00,11:21,NIFTY,23150 CE,pullback-first-green-candle,~255,247.5,268,297,~253+,12,win,frame,T1 268 touched 11:44; SL trailed to 253; final exit not stated (partial)
2026-09-11,chinmay,qTDwaNEZ2RY,02:50:00,11:52,NIFTY,23450 PE,base-reversal-aggressive-or-confirm,156,151,196,227,~152,-5,loss,said,Aggressive near zone (SL 4-5) vs confirmation >161; put never gained strength; cut <152 ~12:35
2026-09-15,chinmay,JBPc4_cTou4,00:19:00,09:19,NIFTY,23650 PE,consolidation-breakout-followup,172,161,199,235,~259,87,win,frame,"Hard trigger 172 named in advance above a barrier rejected 2-3 times; explicit breakout-then-follow-up call (""फॉलो अप वो वाला सिनेरियो""); T1 199 and T2 235 both confirmed hit; trailed to 259 confirmed hit 10:02 (""डन विद पुट""); 10:03 frame shows 260.20 matching trail; peak 309 not used as exit"
2026-09-15,chinmay,JBPc4_cTou4,01:44:00,10:44,NIFTY,23500 PE,base-reversal-aggressive-or-confirm,~144,~133,190,,290.70,~147,win,frame,Confirmation entry (engulfing candle + fresh high) after rolling from 23650 PE; called hattrick by 10:51; never stopped out on any frame through 14:21; no exit stated on stream so logged at last open-mark frame (290.70 at 14:21) not a booked figure; viewer chat report excluded
2026-09-15,chinmay,JBPc4_cTou4,04:26:00,13:26,NIFTY,23250 PE + 23350 CE,jodi-long-straddle,47,~23,70,75,~72,25,win,said,"Combined premium confirmed via 13:27 option-chain frame (PE 25.00 + CE 23.65); SL half combined; confirmed target-zone touch at 13:34 (""इसने टच कर दिया टारगेट ज़ोन यह फाइनल टारगेट ज़ोन था""); logged at confirmed touch not later chat-reported drift to ~90"
2026-09-15,chinmay,JBPc4_cTou4,06:09:00,15:09,NIFTY,~23100 PE + ~23250 CE,jodi-long-straddle,~52,~26,~90,,~64,,unclear,unverified,"Strikes garbled in captions no clean position-box frame; at 15:12 he said combined reached 75-85 and viewers ""can book"" but never states he actually booked it and explicitly defers ""verified PnL"" to later (""निकलने से पहले मैं बता दूंगा""); last clear number is legs at 63-64 (15:19-15:20) with 90 only a hoped-for level; downgraded from the sub-agent's proposed win/said to unclear per CLAUDE.md's evidence bar for a stated outcome"
2026-09-16,chinmay,MK1NfHWN24M,00:22:00,09:24,SENSEX,74300 PE,base-reversal-aggressive-or-confirm,~310,275,408,474,410,~100,win,frame,Aggressive entry named at the 260-310 base with a 30pt SL below 275; multiple viewers confirmed fills at 310; frame at 09:41 shows live price 434-439 clearing the 408-410 target zone he said was met; later viewer-reported exits near 437 and the 532.94 peak by 09:56 are not used
2026-09-16,chinmay,MK1NfHWN24M,00:34:00,09:36,SENSEX,74300 CE,range-breakout-direct,~325,295,,,295,~-30,loss,frame,Direct entry once price sustained above 324-325 with no follow-up-candle wait SL at day low 294-295; he called it a quick backfire; frame at 09:39 shows price already at 271 and by 09:41 at 245.15 well past the stop
2026-09-16,chinmay,MK1NfHWN24M,00:54:00,09:56,SENSEX,74300 PE,trend-re-entry,~320,~300,446,,~375,~55,win,frame,Fresh doji-high entry after the first PE's violent round trip to a 532.94 peak and back; ~20pt risk off the doji low; by 10:11 he said 70pts already captured via part-booking; at 10:16 he confirmed the trailing stop hit and the frame shows 375.05 live; logged at that frame mark not the earlier 70pt claim
2026-09-16,chinmay,MK1NfHWN24M,01:46:00,10:48,SENSEX,74300 CE,breakout-close-confirm,~350,380,465,542,,,unclear,unverified,Hard-trigger plan named well in advance (work above 410 SL 378-380 targets 465/542 after a liquidity-sweep pin bar) but by 11:23 he said it turned around before confirming and referenced people who got it around 350; frame shows the CE spiked to 415-420 then fell to 331; unclear whether Chinmay himself filled this so no points logged
2026-09-16,trade-circuit,MK1NfHWN24M,02:52:00,11:54,SENSEX,74400 PE,close-above-level-entry,352.8,320.21,432.08,,403.92,51.12,win,frame,"From his journal (11:20 AM entry on his own book); this is the position he continued narrating live the moment he took over hosting at 11:52; major quantity booked near this level and his on-air ""50 points"" recap at 11:59 matches the journal's 51.12 almost exactly"
2026-09-16,trade-circuit,MK1NfHWN24M,03:40:00,12:42,SENSEX,74400 CE,close-above-level-entry,~315,,,,~350,,unclear,frame,Close-above-black-line entry narrated live near 315; frames at 13:00 and 13:40 show 366-367 with a decline back to ~280 by 13:30; no exit was ever stated on stream and this trade does not appear in his own 3-row end-of-day journal tally; logged at a representative frame mark not a booked figure
2026-09-16,trade-circuit,MK1NfHWN24M,04:39:00,13:41,SENSEX,74300 PE,close-above-level-entry,~325,,,,~323,~-3,loss,frame,Limit entry filled at 325 on a black-line close per his spot-based method; frame at 13:59 shows a closed position tool on the spot chart reading Closed P&L -6.74 Qty 37 right when he said to exit for no benefit; small loss near breakeven; also absent from his 3-trade journal tally
2026-09-16,trade-circuit,MK1NfHWN24M,06:10:15,15:13,SENSEX,74300 PE,close-above-level-entry,462.25,435.25,609.34,,435.25,-27,loss,frame,From his own TRADE RECORDS journal shown on a frame at 15:13 (09:48 AM trade taken on his own book while Chinmay was on camera); he said nobody really took this one so it was not a call for viewers; not narrated live on this stream
2026-09-16,trade-circuit,MK1NfHWN24M,06:10:15,15:13,SENSEX,74300 CE,close-above-level-entry,333,275.86,418.47,,384,51,win,frame,From his own TRADE RECORDS journal shown at 15:13 (10:18 AM trade on his own book while Chinmay was on camera); not narrated live on this stream
2026-09-17,chinmay,njvG_Pr9CpM,00:19:00,09:20,SENSEX,74500 PE,base-reversal-aggressive-or-confirm,295.72,274.49,335,400,~305,~9.3,win,frame,"Position box on the 09:31 frame reads entry 295.72 SL 274.49 box top 400.32; primary target 335 touched (""प्राइमरी टारगेट एकदम टच"") then he moved the SL to 309 and 304-305; the same frame shows 281.70 so exit at the named 305 trail (the sub-agent's 292 entry and +17 were not on any frame)"
2026-09-17,chinmay,njvG_Pr9CpM,00:45:00,09:46,SENSEX,74100 CE,consolidation-breakout-followup,375.5,322.49,464.44,535,482,106.5,win,frame,"Hard trigger named in advance (""हम 376 के ऊपर काम करने की कोशिश करेंगे""); box on the 09:46 frame entry 375.50 SL 322.49 target 464.44; he also offered a low-risk 350 entry at the base but the box trigger is logged (conservative); peaked ~535 on the 10:06 frame; trail named 404 > 420 > 449 > 482 at 10:10; the 10:37 frame shows ~405-450 so the 482 trail was hit"
2026-09-17,chinmay,njvG_Pr9CpM,01:41:00,10:42,SENSEX,74500 PE,base-reversal-aggressive-or-confirm,~230,210,291,,291,~61,win,said,"Second put entry after the pullback into the base; at 10:42 he called the 210 SL a ~20 pt stop so entry ~230; target 291 set at 10:45; ""done and dusted 291 का एग्जिट"" at 11:03; the 10:45 frame shows 251.55 and the 11:03 frame high is 287.10 so the 291 print rests on his word"
2026-09-17,chinmay,njvG_Pr9CpM,03:46:00,12:47,SENSEX,74800 PE,base-reversal-aggressive-or-confirm,305.36,292.06,402,480,480,174.6,win,frame,Refused random reversals and required price to sustain above 303; box on the 13:27 frame entry 305.36 SL 292.06; chopped near entry for ~18 min; trail 329 > 360 > 405; first target 13:24; at 13:28 he said trailing SL and target both hit and at 13:32 to book fully; the 13:31 frame shows 478.30 (candle high 496) so exit at the confirmed 480 target (the sub-agent's SL 276 and ~495 exit were not supported)
2026-09-17,chinmay,njvG_Pr9CpM,04:39:00,13:40,SENSEX,74300 PE + 74400 CE,jodi-long-straddle,240,130,390,420,~270,30,win,said,"Combined ~240 at 13:42 with a ~110 combined stop and a 150-180 target; at 14:14 he said ""जोड़ी में नेट नेट 30 पॉइंट"" and ~35-40 running at 14:21; his recap says the first jodi went well; logged at the stated net 30 since no booked exit was named"
2026-09-17,chinmay,njvG_Pr9CpM,04:40:00,13:41,SENSEX,74100 CE,liquidity-sweep-reversal,320,295,452,,,,unclear,unverified,"Offered as the directional alternative to the jodi (""अगर इसने लिक्विडिटी ली हुई है ... थोड़ा सस्टेन करता है""); SL 295 under the swing low; target 452-453; at 14:06-14:09 he said part-book near 360 and trail to entry; no exit stated and not in his own four-trade tally so no points logged"
2026-09-17,chinmay,njvG_Pr9CpM,06:13:00,15:14,SENSEX,74300 PE + 74500 CE,jodi-long-straddle,215,,,,,,loss,said,"Cash-session jodi at 15:14 with combined 215 while spot sat still; at 15:21 he said exit in 2-3 minutes and ""ये वाली फ्लॉप हो गई""; recap calls it a complete failure; no exit price stated so the loss is logged without points"
2026-09-18,chinmay,EPh5qxWEUhU,00:18:00,09:25,NIFTY,23400 PE,pullback-first-green-candle,145.47,~139,169,187.3,~158,~12.5,win,frame,"Planned as a pullback at 09:20-09:25 (""पुलबैक का एक कैंडल हमने प्लान किया"") and entered on the first green candle near 145 with a ~5pt risk; box on later frames reads 145.47 / 141.68 (his spoken SL was 138-139); +15 by 09:28 (161.85 live) then trail named 157-159 and a 187 second target; the 09:35 frame shows ~166-167 stall and the 09:38 frame shows 155.70 below the 159 trail so the trail was hit; 169 never touched (candle high ~167.6); exit logged at ~158 (his named trail) not the peak; ""exited with 15"" lines were viewers"
2026-09-18,chinmay,EPh5qxWEUhU,00:35:00,09:42,NIFTY,23300 CE,consolidation-breakout-followup,124.17,116.58,136.57,~156,116.58,-7.59,loss,frame,"Hard trigger named in advance (""124 के ऊपर जैसे ही निकलता है आप काम करने के लिए आओ"" SL 116 primary 136 secondary 156) after small candles under the level; box on the 09:42 frame reads 124.17 / 116.58 / 136.57; the 09:44 frame shows the CE candle low 114.90 below the stop; ""रिजेक्ट ही मार दिया ... स्टिक स्टॉप लॉस"" at 09:43 and his 10:56 tally lists a 7pt loss; slug rests on the named trigger price only (no separate follow-up candle was waited for)"
2026-09-18,chinmay,EPh5qxWEUhU,01:33:00,10:40,NIFTY,23400 PE,breakout-close-confirm,155.87,146.37,167.64,179.32,~147,~-9,loss,said,"He waited for a strong candle above the 155-156 fresh-resistance zone with targets 166 and 179; box on the 10:42 frame reads entry 155.87 SL 146.37; PE spiked to ~159.4 then dropped to 148-151 and never trended; at 10:52 he said cut it once if it goes lower and at 10:56 the day tally was ""7 और 9 पॉइंट के लॉसेस"" (the frame at 10:56 shows 148.25 live with the low ~146.5); the fill and exit were not narrated so the exit ~147 is inferred from that tally"
2026-09-18,chinmay,EPh5qxWEUhU,02:43:00,11:50,NIFTY,23250 CE,liquidity-sweep-reversal,~143,~139,158,,~153.8,,unclear,unverified,Offered to viewers after the CE swept the day low (11:08 sweep remark): above 143 with a ~10pt stop or a 141 pullback with SL 136 and target 158; no position box no stated fill and no exit; frames show CE high ~156.2 at 11:59 (158 not touched) and 153.8 at 12:03; exit is a frame mark not a booked price so no points logged
2026-09-21,chinmay,DrmIRaTPU-A,00:25:00,09:28,NIFTY,23250 CE,consolidation-breakout-followup,173,167,183,202,~173,0,scratch,frame,"Explicit follow-up entry: at 09:26 ""ब्रेकआउट कैंडल होने देंगे उसके फॉलो अप में काम करेंगे"" and at 09:28 he named the trigger ""173 के ऊपर हम एंट्री करेंगे""; momentum never extended; SL trailed 167>160>148 and at 09:52 he told anyone without conviction to leave at breakeven (ब्रेक इवन पे निकल जाओ); no frames - the VOD was not seekable the same evening | FRAME CHECK (21 Sep evening, VOD now seekable): 09:28 frame shows CE 172.50 with entry line 172.72 and the trigger box; 09:53 frame CE 171.90, box SL trailed to 161.16 - price went nowhere, so scratch stands"
2026-09-21,chinmay,DrmIRaTPU-A,02:17:00,11:20,NIFTY,23500 PE,liquidity-sweep-reversal,~136,130,158,174,130,-6,loss,frame,"He wanted the day low 129 swept first (11:13-11:14) then called a pullback entry 136 with SL below the 130 swing low and a 158 target; NO exit was ever stated. The ""17-18 points"" he mentions at 11:36 is the 23250 CE Telegram call running 158>175/176 not this put - Nifty ROSE from 23390 at 11:20 to 23430 by 12:00 so this put was going against him. No points logged; needs a frame check | FRAME CHECK: 11:20 frame shows the position box on the 23500 PE (SL line 130.4, target 158-159, PE ~139.5); 11:33 frame PE 127.40 - stop level breached within 13 min while Nifty rose 23391>23405. Logged as loss at the 130 SL (~-6 from ~136); he never announced an exit, so the size is the box's stop, not a stated fill"
2026-09-21,chinmay,DrmIRaTPU-A,04:05:00,13:08,NIFTY,23250 CE,pullback-first-green-candle,~171,165,183,202,212,41,win,frame,"Fresh box touched with a pin bar at 13:05; at 13:08 he stated the live price 171-172 with SL 165 and 6-7 point risk; he called it a pullback not a reversal at 13:26 (इसको पुलबैक बोलते हैं); highest CONFIRMED target is 212 at 14:02 (""इतने सारे टारगेट ले लिए 212 का ले लिया""); the 158-to-230 range in his 15:06 recap belongs to the separate Telegram call on the same strike not this charted entry | FRAME CHECK: 13:18 frame shows the box (entry 172.27-172.72, SL 165.40, R:R 4.33, target 202); 13:59 CE 218.30 with box top extended to 228.63; 14:03 CE 223.70 with a ~230 wick. Target 212 comfortably passed; exit kept at the conservative 212 (no exit fill shown)"
2026-09-21,chinmay,DrmIRaTPU-A,04:15:00,13:18,BANKNIFTY,56500 CE,consolidation-breakout-followup,470,446,531,589,531,61,win,said,"Hard trigger named in advance (""470 के ऊपर करो 531 को एम करके चलो"" at 13:18) after waiting for a sustained close above 470; SL tightened to 446 then trailed to 479; by 13:59 he was naming 635 after 589 which puts price past the 531 target; 589 and 635 never confirmed and no exit stated so logged at 531; note the playbook records him normally avoiding BankNifty scalps | FRAME CHECK: 12:46 frame of the BANKNIFTY 29 SEP 56500 CALL 5-min chart shows the long-position box already drawn (price 469.48, SL line 438.76, target 531.33) so the 470 trigger was live from ~12:46, not 13:18 (13:18 is when he asked viewers who got filled); no frame shows the 531 touch, only his 13:59 words (देखो टच हो गया), so stays verified=said"
2026-09-21,chinmay,DrmIRaTPU-A,03:29:00,12:32,NIFTY,23250 CE,telegram-vip-call,158,,,,,,unclear,unverified,"Telegram-only long from 158 on the same strike running since the morning (""Telegram में 158 पे लॉन्ग दिया हुआ है"" at 12:32); he quoted it reaching 175/176 by 11:36 and his 15:06 recap claims 158 to 230; self-reported with no frame of the outcome so no points per the Telegram rule"
2026-09-22,chinmay,Dpx4i4TCkEc,00:16:00,09:21,NIFTY,23300 CE,range-breakout-direct,158,144,173,179,144,~-14,loss,said,"Raw poke above 158 before he explicitly called for a follow-up wait (""फॉलो अप के कैंडल के बाद आराम से देखेंगे"" at 09:27); primary SL confirmed near 144 by the 09:28 frame (candle low 144.60)"
2026-09-22,chinmay,Dpx4i4TCkEc,00:24:00,09:29,NIFTY,23300 CE,consolidation-breakout-followup,159,144,173,179,173,~14,win,frame,"Re-entry above 159 on the follow-up candle after he explicitly named the wait; 10:21 frame shows the high at 175.38 clearing T1 173; exit taken at T1 not the peak since only part-booking near 170-173 was ever stated; by 10:27 the option had already crashed back near 147"
2026-09-22,chinmay,Dpx4i4TCkEc,02:15:00,11:20,NIFTY,23300 CE,base-reversal-aggressive-or-confirm,105,93.5,124,,99,~-6,loss,frame,"First-bounce pin-bar reversal (his own new term for the first return to a level right after it breaks) at the crashed CE's base with ~11pt risk; trailed SL to 99 once 111 broke; 11:30 frame shows price back near 100-101 confirming the trail was hit"
2026-09-22,chinmay,Dpx4i4TCkEc,02:29:00,11:34,NIFTY,23400 CE+23350 PE jodi,jodi-long-straddle,66,35,65,80,~84,~18,win,frame,"Combined premium drawn directly on chart (34 CE + 32 PE = 66) with SL 35 and target 65-80; put leg exploded on an Iran/Russia war-headline IV spike while the call bled; 13:48 frame confirms CE~12.70 + PE~71.35 = ~84 inside/above the target band; he confirmed net about 80 combined live at 13:53"
2026-09-22,chinmay,Dpx4i4TCkEc,04:57:00,14:02,NIFTY,23300 CE+23300 PE jodi,jodi-long-straddle,86,~51,,,,,unclear,unverified,"Second jodi built into richer premium amid rising IV; slid to a paper loss near 42-43 then the same war-news vol spike hit both legs hard (14:40-14:44 frames show one leg spiking to ~206 then crashing to ~50-58); no clean booked exit stated before he moved on"
2026-09-22,chinmay,Dpx4i4TCkEc,05:10:00,14:15,SENSEX,74400 CE,telegram-vip-call,,,,,,,unclear,said,"Telegram-flagged Sensex call; he said Telegram holders should exit fast quoting 200 points in 10 minutes and that it recovered for Telegram people too (14:15-14:16); no entry/SL/target stated on stream and no frame of the Telegram channel's own outcome - only the live option chart rallying roughly 300 to 650 with his handwritten annotations - so per the Telegram-call rule this stays unclear with no points"
2026-09-23,chinmay,2yC1a6SL2Cw,00:19:00,09:24,SENSEX,74600 CE,breakout-close-confirm,356.13,320.24,433.32,,320.24,-35.89,loss,frame,"His own TRADE RECORDS journal shown at 10:06 gives entry 356.13 SL 320.24 target 433.32; first attempt off the 275-320 base he had mapped since the open; stopped fast (09:38-09:43 frames already through the SL) before any follow-up-candle wait so not counted under setup A"
2026-09-23,chinmay,2yC1a6SL2Cw,01:17:00,10:22,SENSEX,74600 CE,base-reversal-aggressive-or-confirm,~309,~287,433.32,,433.32,~124,win,frame,"Re-entry at the same 275-320 base after waiting for a strength candle; at 10:22 he named the ~315 area with targets 367 and 433 and at 10:31 put the SL under the strength candle; the 11:20 frame shows his open box: entry 308.65 SL 286.56 (Stop 22.09) target 433.32 with open P&L +61.65 so the fill came before 11:20; 12:06 frame shows the candle through 433.32 and the 12:18 frame shows LTP ~449; exit taken at the target not the peak since no trail was stated"
2026-09-23,chinmay,2yC1a6SL2Cw,02:51:00,11:56,SENSEX,75000 PE,breakout-close-confirm,~321,307.75,~347,,307.75,-13.37,loss,frame,"Entry above 321 once the put looked ready to sustain with ~13 pt risk vs ~25 pt reward; 11:59 frame shows price through the 307.75 stop and he said cut below 307; the 12:06 frame shows the PE at ~271 minutes later"
2026-09-23,chinmay,2yC1a6SL2Cw,05:22:00,14:27,SENSEX,74900 CE,base-reversal-aggressive-or-confirm,~240,,277,,277,~37,win,said,"Pin-bar pullback re-entry near 240-244 he planned from 14:12; trailing ladder 252 then 269 then 277 and at 14:32 he said the 277 trailing profit hit; no position-tool frame for this box; at 14:31 he also said his own SL had hit and he was not working there so whether he personally held it is unclear"
2026-09-23,chinmay,2yC1a6SL2Cw,05:26:00,14:31,NIFTY,23400 CE,telegram-vip-call,~141,,161,,,,unclear,unverified,"He said he was not trading Nifty live today; side 5-min Nifty call (add near 140-141 at 14:18) target 161-162; recap claims it ran to 160-162 then dropped; no Telegram outcome frame so no points"
2026-09-24,trade-circuit,1opAYBTRhww,00:57:00,10:09,SENSEX,74100 CE,close-above-level-entry,233.30,205.91,252.02,,210.62,-22.68,loss,frame,"Trade Circuit hosted Part 1 solo; entry after Sensex spot closed above his marked black line with SL on spot; the 10:10 box read entry 233.30 SL 205.91 target 252.02; by 10:13 the box reads Closed P&L -22.68 with its stop at 210.62 and price at 210.62; he called the exit as premium was not following spot; his only trade of the morning"
2026-09-24,chinmay,cnhIFE3Rzew,00:23:00,14:08,SENSEX,73600 CE,base-reversal-aggressive-or-confirm,231.30,184.50,348.30,,184.50,~-46.8,loss,frame,"Waited for a doji to print at the marked 228-230 base before entering (confirmation form); 14:09 box entry 231.30 SL 184.50 target 348.30 (RR 2.5); spoken trail plan never drawn; the 14:23 frame shows 171.95 below the stop; exit logged at the SL level"
2026-09-25,trade-circuit,yD4AJB3j0e4,00:33:00,09:44,NIFTY,23200 PE,close-above-level-entry,~177,,,,~169,~-8,loss,frame,"Trade Circuit solo (Chinmay unavailable); PE taken near the morning's liquidity zone ('178 ke price pe'); frames show 174.95 at 09:44 sliding to 169.75 by the 10:01 close where he exited and switched to CE; no SL stated"
2026-09-25,trade-circuit,yD4AJB3j0e4,00:51:00,10:02,NIFTY,23000 CE,close-above-level-entry,~177,,,,~200.4,~23,unclear,frame,"Switched to CE when the 1-min candle closed above his black line (174.80 to 179.40 in one minute); mark-to-frame 200.40 at 10:12:39; the 211.24 label on that frame is the box's target edge not a print; the '1 lot 2700 profit booked' line was a viewer message (followed by 'welcome back') so it is not used; no exit shown or stated"
2026-09-25,trade-circuit,yD4AJB3j0e4,01:53:00,11:04,NIFTY,23050 CE,close-above-level-entry,152.55,,167.95,,~149.1,~-3.4,unclear,frame,"Entry after a candle closed above his line; box entry 152.55 target 167.95; CE peaked near 161 (11:22 frame) and was back at 149.14 at 11:24:39; his 'target done' at 11:20 did not match the box target and '10 points was on offer' is not a stated exit; mark-to-frame at 11:24:39"
2026-09-25,trade-circuit,yD4AJB3j0e4,04:12:00,13:24,NIFTY,23150 PE,close-above-level-entry,~147,~141.5,,,~142,~-5,loss,frame,"Entry once the candle closed below his line; 13:26 box shows entry near 148 with a 5.53-pt stop and Open P&L -3.40; he told viewers to exit for about 5 points; the 13:55 frame shows the PE at 133.45 well below the stop; he then stopped for the day at 4 trades"
2026-09-28,chinmay,cJuzypq8gHA,00:11:00,09:19,NIFTY,23100 PE,consolidation-breakout-followup,166,151,198,,222,56,win,frame,"Waited for the candle close then worked the follow-up above 166 ('कैंडल क्लोजिंग के बाद उसके फॉलो अप में काम करो'); 09:24 frame box entry 166.45 target 198.65 with price 182.85; target 198 said touched at 09:35; trailing SL 222 named at 09:38 and 09:41; the 10:05 frame shows 215.60 under that trail (the 236.17 line marks the peak) so exit logged at the 222 trail"
2026-09-28,chinmay,cJuzypq8gHA,00:32:00,09:40,NIFTY,22850 CE,base-reversal-aggressive-or-confirm,129,~125,137,,~125,~-4,loss,said,"Aggressive entry off three pin bars which he called a technical/dead-cat bounce not a reversal; ~4-pt stop target 137-138; the 10:05 frame shows 129.00 with highs near 134 so 137 never printed (157.81 is the box top not a price); at 10:12 he said the attempt with a Rs 3-4 stop had been taken once; matches the 4-5 pt loss in his 13:42 recap"
2026-09-28,chinmay,cJuzypq8gHA,02:38:00,11:46,NIFTY,23000 PE,trend-re-entry,~156.4,~149.6,~183,,,,unclear,unverified,"11:48 frame box on the 23000 PE entry 156.49 SL 149.55 target 182.96 at the ceiling of the day's range; he named a trail to 152-153 near the primary target and asked who got 13-14 points (11:55) but stated no exit; the 12:23 frame shows the PE spiked to roughly 180-183 around 11:57 (at or just under the 182.96 target edge; unreadable) and the 12:29 frame shows 149.32; first draft had this as a 22800 CE which the frame contradicts"
2026-09-28,chinmay,cJuzypq8gHA,03:15:00,12:23,NIFTY,22800 CE,consolidation-breakout-followup,134,129,141,156,141,7,win,frame,"Ascending triangle with a named trigger ('134 के ऊपर') and SL 129; the 12:29 frame shows the CE live at 143.70 past target 1 (the 149.32 label is the crosshair); target 2 not seen so exit logged at target 1"
2026-09-28,chinmay,cJuzypq8gHA,03:55:00,13:03,NIFTY,23000 PE,trend-re-entry,164,159,,,164,0,scratch,frame,"Entry 164 with a 5-pt stop; +15 by 13:08 and he told viewers to trail to cost ('कॉस्ट टू कॉस्ट'); the 13:42 frame shows 158.20 with a low of 155.00 so the cost trail was hit; logged as a scratch at cost"
2026-09-28,chinmay,cJuzypq8gHA,04:58:00,14:06,NIFTY,23000 PE,consolidation-breakout-followup,~166.6,~161.2,182.8,263.85,208,~41.4,win,frame,"Fresh entry planned 'above 167 with SL 159-160 for 182' out of a cluster (named trigger); 14:40 frame box entry 166.59 SL 161.16 target 263.85; primary target said done 14:15; part-booking at 208 named 14:18 and the 14:40 frame shows 229.40; his '150 to 236 90 points' recap is not a frame-confirmed exit so exit logged at the 208 part-book"
2026-09-29,chinmay,tyvrNoWrQuA,00:23:00,09:27,NIFTY,22850 PE,consolidation-breakout-followup,196.32,~176,238.52,267,~259,~62.7,win,frame,"Entry above the follow-up candle after a breakout candle ('एक ब्रेकआउट कैंडल और उसके सामने फॉलो अप... 200 के ऊपर'); the 09:31 frame box reads entry 196.32 target 238.52 (later extended to 267); 238 said touched 09:35 and 267 'dot touch' with a 266.10 high said 09:36; trail named 259-260 at 09:37 and the 09:41 frame shows 243.70 below it so exit logged at the 259 trail; the 317.06 label on the 09:38 frame is the box's extended target edge not a print"
2026-09-29,chinmay,tyvrNoWrQuA,00:37:00,09:41,NIFTY,22550 CE,base-reversal-aggressive-or-confirm,104.05,89.92,130.95,,~101.78,~-2.3,scratch,frame,"Bottom-buy at the CE's fresh base (98 aggressive / 103 named); the 09:41 frame box reads entry 104.05 SL 89.92 target 130.95; SL trailed to 101.78 by the 09:44 frame (111.35 live) and the 09:51 frame shows 94.65 below it so exit logged at the trail; he recapped it as a 'small profit' at 10:24 (part-booking near 116 said at 09:42 is plausible but not charted)"
2026-09-29,chinmay,tyvrNoWrQuA,00:50:00,09:54,NIFTY,22550 CE,trend-re-entry,~103,93,,,93,~-10,loss,said,"Re-entry on the same CE 'from 103 with a 10-point risk' after the first bounce faded; told to cut below 93 at 10:02 and 10:05; his 10:24 recap calls the third trade a small loss; no position box seen"
2026-09-29,chinmay,tyvrNoWrQuA,02:23:00,11:27,NIFTY,22600 CE,consolidation-breakout-followup,~121,,149,,149,~28,win,frame,"Named trigger 'ट्रेड अपना 121 के ऊपर बन के निकलेगा' out of a tight consolidation aiming 149; 149 said touched at 11:30 ('breakout ka follow-up uske neeche stop loss'); the 11:30 frame shows 142 and the 11:32 frame 158.75; no position box and no stated SL; he called it a fast move so a viewer's fill may differ. A 22450 CE setup at 11:10 was NOT taken (he said a Rs 15 stop on a Rs 100 strike was too big) and is not logged"
2026-09-29,trade-circuit,jyeGpm8SGxo,00:49:00,12:40,NIFTY,22550 CE,close-above-level-entry,~141,,,,~166,~25,win,said,"Trade Circuit hosted Part 2 (Chinmay unavailable); entry on a close above his marked line after the range high broke; exit called explicitly for about 25 points; the 12:48 frame shows 139.70 so the exit was before the fade"
2026-09-29,trade-circuit,jyeGpm8SGxo,01:16:00,13:07,NIFTY,22600 CE,close-above-level-entry,~109,~103,~130,,~130,~20,win,said,"Close-above-line entry with a stated 6-point risk; most booked for about 20 points near 130 (the 13:12 frame shows about 132); the remainder trailed cost-to-cost as the CE later fell to about 80 by 13:37"
2026-09-29,trade-circuit,jyeGpm8SGxo,01:31:00,13:22,NIFTY,22800 PE,close-above-level-entry,~127,~119,,,~141,~14,unclear,frame,"Close below his marked line with an 8-9 point stated SL; no exit spoken while three trades ran; mark-to-frame ~141; frames show a high near 172 around 14:00-14:12 which is not used as the exit"
2026-09-29,trade-circuit,jyeGpm8SGxo,02:15:00,14:06,NIFTY,22550 CE,close-above-level-entry,~125,,~145,,~145,~20,win,said,"Second close-above-line entry on the same strike; told single-lot holders to exit at 15-20 points and the 14:09 frame shows 145.70; a runner reached 167.17 (14:12 frame) but only the stated exit is logged"
2026-09-29,trade-circuit,jyeGpm8SGxo,02:46:00,14:37,NIFTY,22750 CE + 22650 PE,jodi-long-straddle,41,20,40,,~44,~3,unclear,frame,"Combined premium about 41 (CE ~17 + PE ~24 on the 14:36 chain frame) with combined SL 20 and target 40; the stream ended at 15:04 before the 3:30 square-off with no exit stated; the 15:02 frame shows 17.08 + 26.85 = ~44 used as mark-to-frame"
2026-09-30,chinmay,fGUAnwhNZkc,00:14:00,09:19,SENSEX,72700 CE,breakout-close-confirm,~322,296,376,426,~321,~-1,scratch,said,"Entry once price sustained above the 321-322 zone (no follow-up language so not the follow-up slug); box shows 323.92 / SL 296.15 / target 424.36 - 424.36 is the box's target label not a print (live 352 at 09:25); trailed to 316 then to the 321 entry and said cost-to-cost hit at 09:31"
2026-09-30,chinmay,fGUAnwhNZkc,00:38:00,09:43,SENSEX,72700 CE,consolidation-breakout-followup,334,308,376,,~365,~31,win,frame,"He said the breakout attempt was followed by a follow-up (फॉलो अप) above the consolidation at 334; target 376 cleared (live 434.60 on the 10:21 frame); he named a trailing SL at 365-366 at 10:17 and the CE was back at 312 by 10:38 so the trail is the exit - not the 557 axis label"
2026-09-30,chinmay,fGUAnwhNZkc,01:26:00,10:31,SENSEX,72900 PE,base-reversal-aggressive-or-confirm,~307,~282,361,414,361,~54,win,frame,"Named fork: aggressive entry above the 282-287 base with 25-point risk and target 359-361 vs a pullback entry at 331 for 414; the aggressive form was the one live (breakeven above 335); live 380.75 on the 10:38 frame clears 361 and he said the target was almost achieved and trailed; 424.62 on that frame is a crosshair label; entry approximate"
2026-09-30,chinmay,fGUAnwhNZkc,04:08:00,13:13,SENSEX,73200 PE,consolidation-breakout-followup,375,348,453,488,~358,~-17,loss,said,"He said consolidation then breakout candle then a small follow-up (फॉलो अप) above 375; SL 348 target 453; trailed to 358 at 13:29 and said the trail was hit at 13:32; the PE then ran to 444.65 by 13:41 (frame) without the trailed position - he later told holders on the original 348 stop to part-book"
2026-09-30,chinmay,fGUAnwhNZkc,04:36:00,13:36,NIFTY,22850 PE,telegram-vip-call,160,134,203,,203,~43,win,frame,"Telegram VIP call (entries 156/160/164; SL 134; TP3 203); channel frames show price updates 268/273/278 at 14:38-14:39 then EXIT COMPLETELY BOOK ALL PROFITS at 14:41 with no exit price - logged at TP3 203 the highest target confirmed hit"
2026-09-30,chinmay,fGUAnwhNZkc,05:17:00,14:22,SENSEX,72900 PE,trend-re-entry,~341,,527,603,527,~186,win,frame,"Re-entry into the afternoon fall: changed back to the 72900 PE at a continuation base near 341 with target 527-532 (no follow-up language); trails named at 407 and 425; said the target touched at 14:29 and the 14:43 frame shows 614.20 - SL and exact entry not stated so the entry is approximate; missed by the sub-agent and added on verification"
2026-10-01,chinmay,BFZHFiPxAG4,00:16:00,09:25,SENSEX,72200 CE,base-reversal-aggressive-or-confirm,267,~234,351,485,351,84,win,frame,"Entry at 267-268 above a small 260-265 base that he later called a proven support zone (the market had launched a fresh rally from it); stop at the day low 30-35 points away; target 351; he said 352 touched and part-book at 09:30 (09:32 frame 349.70); the rest was trailed and the CE later reached 430.60 (10:07 frame) but no second booking was stated so T1 is the exit"
2026-10-01,chinmay,BFZHFiPxAG4,01:53:00,11:02,SENSEX,72700 PE,trend-re-entry,383,354,425,505,425,42,win,said,"Fast-momentum re-entry above 383 with SL 354 and targets 425-427 (an earlier distribution zone) then 505-509; no follow-up language; he said the primary target touched at 11:09 and booked near it at 11:12; the 11:24 frame shows 452.85 after the booking; a 365-370 pullback entry with a 15-point stop was also offered"
2026-10-01,chinmay,BFZHFiPxAG4,03:18:00,12:27,SENSEX,72000 PE + 72200 CE,jodi-long-straddle,240,140,390,,~275,~35,win,said,"Jodi of two ~120 options after the crash made direction a coin flip (note on screen: SL 100 TGT 150 on the combined); he put the pair at 270-275 at 12:45 and told holders to book the PE near double then the CE at 12:47; logged at his stated ~275 - an earlier draft's ~290/+70 was not supported"
2026-10-01,chinmay,BFZHFiPxAG4,03:50:00,12:59,SENSEX,71500 CE,base-reversal-aggressive-or-confirm,303,~245,425,605,320,~17,win,frame,"His last hope trade: engulfing candle at a 2-3 candle base above 300 with a deliberately wide 50-60 point stop; T1 425 NOT reached - 428.95 on the 13:09 frame is the box's target label and the live price was 362.00; he named a 320 trail at 13:12 and the 13:29 frame shows 234.20 so the trail is the exit"
2026-10-01,chinmay,BFZHFiPxAG4,04:34:00,13:43,SENSEX,71400 PE + 71600 CE,jodi-long-straddle,242,~142,~392,,~260,~18,win,said,"Second jodi: 71400 PE ~122 + 71600 CE ~120; at 14:02-14:06 he put the pair at ~260 and said ₹20 net (11%) - exit both and take the small gain; the 14:53 jodi hit line came among viewers' bookings and is not his exit"
2026-10-05,trade-circuit,61JX6X_6c-g,00:02:00,09:44,NIFTY,22500 CE,aggressive-continuation-entry,158.05,142.76,188.39,,183.39,25.34,win,frame,"His TRADE RECORDS journal (frame 051230): 09:44 22500 CE 158.05 SL 142.76 TGT 188.39 exit 183.39 net +25.34; he said trailing SL hit ~09:58; entry reason: gap-up then V-recovery then higher-level consolidation with small stop (no line close or follow-up language)"
2026-10-05,trade-circuit,61JX6X_6c-g,00:20:00,10:02,NIFTY,22650 PE,liquidity-sweep-reversal,133.4,122.54,153.74,,149.1,15.7,win,frame,"His journal: 10:02 22650 PE 133.4 SL 122.54 TGT 153.74 exit 149.1 net +15.7; he said 'liquidity taken' and called it a risky entry catching a candle wick; stop on spot; part-booked ~10 pts"
2026-10-05,trade-circuit,61JX6X_6c-g,00:56:00,10:38,NIFTY,22550 PE,close-above-level-entry,107.55,98.77,138.54,,130.4,22.85,win,frame,"His journal: 10:38 22550 PE 107.55 SL 98.77 TGT 138.54 exit 130.4 net +22.85; entry after 1-min close below his black line ('close below this black line we take entry in put') quoted 106-107; 1:2 hit ~10:39 then part-booked and rest trailed"
2026-10-05,trade-circuit,61JX6X_6c-g,01:19:00,11:01,NIFTY,22450 CE,close-above-level-entry,140.1,138.47,146.57,,138.47,-1.63,loss,frame,"His journal: 11:01 22450 CE 140.1 SL 138.47 TGT 146.57 exit 138.47 net -1.63; entry on close above black line; stopped within a candle or two; he said both sides' stops were taken"
2026-10-05,trade-circuit,61JX6X_6c-g,01:32:00,11:14,NIFTY,22450 CE,close-above-level-entry,138.15,134.1,148.43,,134.1,-4.05,loss,frame,"His journal: 11:14 22450 CE 138.15 SL 134.1 TGT 148.43 exit 134.1 net -4.05; second attempt on same black line after close above (he said the candle closed then quoted 138); stopped out ~11:15"
2026-10-05,trade-circuit,61JX6X_6c-g,02:06:00,11:48,NIFTY,22550 PE,pullback-to-marked-zone,124.7,116.69,154.83,,144.7,20,win,frame,"His journal: 11:48 22550 PE 124.7 SL 116.69 TGT 154.83 exit 144.7 net +20; entry on a retracement after a strong 15-min close ~124 with 1:1 stop; he said 10-20 pts hit and told holders to book 50-60% (~11:49-11:52) and trail the rest to cost"
2026-10-05,trade-circuit,61JX6X_6c-g,02:36:00,12:18,NIFTY,22400 CE,base-reversal-aggressive-or-confirm,133,125.1,163.19,,160,27,win,frame,"His journal: 12:18 22400 CE 133 SL 125.1 TGT 163.19 exit 160 net +27; entry ~133 catching the wick of a 15-min rejection candle (aggressive form: before the candle closed); he said 10 pts 1:2 done ~12:22 then ~20-27 pts and told holders to keep the rest"
2026-10-05,trade-circuit,61JX6X_6c-g,03:19:00,13:01,NIFTY,22500 PE,pullback-to-marked-zone,111.4,104.88,121.92,,104.88,-6.52,loss,frame,"His journal: 13:01 22500 PE 111.4 SL 104.88 TGT 121.92 exit 104.88 net -6.52; waited for retracement after double-side liquidity then entered 110-111; he said the trade finished at ~13:04 and a six-point stop"
2026-10-05,trade-circuit,61JX6X_6c-g,03:41:00,13:23,NIFTY,22400 CE,close-above-level-entry,154.4,146.95,169.78,,146.95,-7.45,loss,frame,"His journal: 13:23 22400 CE 154.4 SL 146.95 TGT 169.78 exit 146.95 net -7.45; entry ~154 after the 1-min candle closed at the black line post long consolidation; he said exact 3 pts loss at 13:25 on a partial exit but the sheet logs -7.45 so sheet used"
2026-10-05,trade-circuit,61JX6X_6c-g,04:11:00,13:53,NIFTY,22500 CE,close-above-level-entry,138.65,121.25,158.75,,121.25,-17.4,loss,frame,"His journal: 13:53 22500 CE 138.65 SL 121.25 TGT 158.75 exit 121.25 net -17.4; entry after close above black line quoted 138-139 with a larger stop; he said crude recovery dragged it (14:07); biggest loss of the day"
2026-10-06,chinmay,XnCas9JOTJI,00:18:48,09:22,NIFTY,22450 CE,base-reversal-aggressive-or-confirm,155.93,146.07,198.54,,189.14,33.21,win,frame,"His trade journal: 09:22 22450 CE 155.93 SL 146.07 TGT 198.54 exit 189.14 net +33.21; pre-open plan was a call on a retest of 22560 (Monday's resistance as support); waited for a green candle/pin bar at the 146-147 option zone and entered above 155; 198 touched ~09:27 then trailed SL 179 and exited 189.14 per sheet"
2026-10-06,chinmay,XnCas9JOTJI,00:41:48,09:45,NIFTY,22450 CE,breakout-close-confirm,188.97,178.98,270.94,,225.45,36.48,win,frame,"His trade journal: 09:45 22450 CE 188.97 SL 178.98 TGT 270.94 exit 225.45 net +36.48; re-entry above 189 on a strong candle close with SL under the 176 swing low; he said 215/216 touched ~09:55"
2026-10-06,chinmay,XnCas9JOTJI,00:57:48,10:01,NIFTY,22800 PE,base-reversal-aggressive-or-confirm,158.87,148.74,196.14,,196.14,37.27,win,frame,"His trade journal: 10:01 22800 PE 158.87 SL 148.74 TGT 196.14 exit 196.14 net +37.27; entry above 158 after three-four exhaustion pin bars at the top (confirmation form); he said primary target hit ~10:08"
2026-10-06,chinmay,XnCas9JOTJI,02:34:48,11:38,NIFTY,22500 CE,consolidation-breakout-followup,182.43,172.2,243.41,,201.4,18.97,win,frame,"His trade journal: 11:38 22500 CE 182.43 SL 172.2 TGT 243.41 exit 201.4 net +18.97; named trigger above 182 after a 30-min consolidation; he said 200 touched ~11:44; he called it not an ideal setup for him"
2026-10-06,chinmay,XnCas9JOTJI,02:50:48,11:54,NIFTY,22500 CE,consolidation-breakout-followup,194.36,183.6,244.11,,186.13,-8.23,loss,frame,"His trade journal: 11:54 22500 CE 194.36 SL 183.6 TGT 244.11 exit 186.13 net -8.23; named trigger above 194 after a pin bar with SL 184; taken 4 min after the 11:49 sweep of 22700 and its 2.3x reversal candle; stopped out"
2026-10-06,chinmay,XnCas9JOTJI,03:34:48,12:38,NIFTY,22500 CE,breakout-close-confirm,201.58,192.68,242.13,,234.29,32.71,win,frame,"His trade journal: 12:38 22500 CE 201.58 SL 192.68 TGT 242.13 exit 234.29 net +32.71; waited for a strong candle close above the 200 distribution zone (22700 call writers exiting); said SL 188 on air but sheet logs 192.68 so sheet used"
2026-10-06,chinmay,XnCas9JOTJI,04:59:48,14:03,NIFTY,22500 CE,consolidation-breakout-followup,223.49,217.99,243.51,,217.99,-5.5,loss,frame,"His trade journal: 14:03 22500 CE 223.49 SL 217.99 TGT 243.51 exit 217.99 net -5.5; entries on the breakout candle and its follow-up after an inside-candle compression; Nifty was 2 pts under the 12:48 equal highs which swept by 3.65 at 14:07 and failed; stopped within minutes"
2026-10-06,chinmay,XnCas9JOTJI,05:28:48,14:32,NIFTY,22500 CE,consolidation-breakout-followup,194.66,184.38,228.92,,215.87,21.21,win,frame,"His trade journal: 14:32 22500 CE 194.66 SL 184.38 TGT 228.92 exit 215.87 net +21.21; named trigger above 193/194 after pin bar and doji (ignore if a candle closes below); he said 215 primary target touched ~14:42 and later called it an order-block zone; said SL 181 on air but sheet logs 184.38 so sheet used"
2026-10-06,chinmay,XnCas9JOTJI,03:35:00,12:38,NIFTY,22650 PE + 22700 CE,jodi-long-straddle,~66,,,,,,win,said,"Combined premium ~66-67 per his 12:40 remark; he said the call leg doubled (35 to 63 high) and the jodi succeeded; exit and SL not stated and no frame shows it so result_pts left empty; not on his trade journal sheet"
2026-10-06,chinmay,XnCas9JOTJI,04:31:00,13:34,NIFTY,22650 PE + 22700 CE,jodi-long-straddle,59,31,85,,~56,~-3,scratch,said,"On-screen note: 22700 CE @35 + 22650 PE @24 combined 59 SL 31 TGT 85 (frame 043130); he said cut it at combined 56-57 ~14:14 and in the 14:50 recap that it was cut about 3 below break-even; exit approximate; not on his journal sheet"
2026-10-07,chinmay,F-PdJ_DvsDY,01:09:30,10:17,SENSEX,72600 CE,consolidation-breakout-followup,~356.5,~299,436,511.4,436,~79.5,win,frame,"Breakout candle then follow-up; he named the follow-up trigger 354 with SL 299 target 436 after RBI policy; position box in frame 010930 shows entry ~356.5 and target 511.4 but red tags 342.26/319.57 conflict with his spoken SL 299 (spoken used); T1 436 passed (frame 011230 chart high ~465; 012100 price 450 at 10:28); exit logged at the confirmed target 436 not a stated fill"
2026-10-07,chinmay,F-PdJ_DvsDY,01:30:00,10:37,SENSEX,73000 CE,pullback-first-green-candle,~191,~163,266.5,,266.5,~75.5,win,frame,"Pin bar at the first-bounce zone of trade 1; he said buy zone 189 down to 178 with SL 163 target 266 (cheaper strike for a small SL); box in frame 013430 shows entry 178.44 target 266.51 so entry is approximate; frame 015230 shows high ~290 near 11:00 so 266.5 passed; exit = target not a stated fill"
2026-10-07,chinmay,F-PdJ_DvsDY,02:10:30,11:17,SENSEX,72900 PE,consolidation-breakout-followup,289.7,268,347.3,386,347.3,~57.6,win,frame,"He named the follow-up candle at 290 as trigger with SL 268 (trailed to 274 and price came within a point of it) and target 347; at 11:31 he said primary target touched and aim 347 then 386; frame 022700 zoom shows a wick to ~351 crossing the 347 line around 11:33; exit = target"
2026-10-07,chinmay,F-PdJ_DvsDY,03:39:00,12:47,SENSEX,72900 PE,base-reversal-aggressive-or-confirm,327.11,292.16,375,510.91,510.91,~183.8,win,frame,"Confirmation form: waited for a green candle at the 305 PE zone and entered above its high with SL under the candle; position tool in frames 033630/040330 shows entry 327.11 SL 292.16 target 510.91; price 543 at 13:09 and 536 at 13:11; his Telegram call was 311 at 12:42 so entry time approximate; exit = confirmed target 510.91 not a stated fill"
2026-10-07,chinmay,F-PdJ_DvsDY,05:27:30,14:34,SENSEX,72600 PE,base-reversal-aggressive-or-confirm,199.96,175.62,~215,283.81,~227,~27,win,frame,"One-way fall into a base then a strong candle off the first-bounce zone; he named trigger 199 SL 174-176 target zone 288; after 215-217 he trailed 186/195/206/211/227; frame 052900 shows 217 at 14:36 and frame 054430 a spike to ~280 (283.8 not clearly touched); exit logged at his last named trail 227 not a stated fill"
2026-10-07,chinmay,F-PdJ_DvsDY,01:30:12,10:38,NIFTY,22650 CE,telegram-vip-call,150,133,167,182,,,unclear,unverified,"Telegram message in frame 014930 (stamped 10:38): BUY NIFTY 22650 CE 148-152 TP 167/182/202 SL 133 rationale Retest; he claimed 148 to 175 and later 148 to 199.3 but no frame shows an outcome"
2026-10-08,chinmay,kw5L_dY2HPo,00:13:00,09:19,SENSEX,72600 PE,range-breakout-direct,316.9,265.77,368,447.87,417.2,100.3,win,frame,"His trade journal (frame 053040 entry stamped 9:22 AM): 316.9 SL 265.77 target 447.87 exit 417.2 = +100.3; frame 001430 shows the box; he named 368 as first target then 447; entry on the break of two inside candles with the day low as SL and no follow-up wait (said: two inside candles and the breakout is coming above them you can work here SL is the low) so range-breakout-direct; he admitted pre-entry RR was unattractive then said 50 pts risk was worth ~100 reward"
2026-10-08,chinmay,kw5L_dY2HPo,00:47:00,09:52,SENSEX,72400 PE,base-reversal-aggressive-or-confirm,256.93,235.28,341.64,,286.45,29.52,win,frame,"His trade journal (frame 053040): 9:52 AM 256.93 SL 235.28 target 341.64 exit 286.45 +29.52; confirmation form: he waited for a first small green or doji candle at the base zone with SL under 235 (said look for the smallest stop then wait for one first candle that gives reversal); exit is the journal fill not the target; PE later dipped to ~215 at ~10:24 after his exit (frame 012930)"
2026-10-08,chinmay,kw5L_dY2HPo,01:10:00,10:15,SENSEX,72200 CE,pullback-first-green-candle,230.39,199.66,280.64,,199.66,-30.73,loss,frame,"His trade journal (frame 053040): 10:15 AM 230.39 SL 199.66 target 280.64 exit 199.66 -30.73; he said the plan was breakout then pullback near 230 with a small green candle SL ~199-200 target 283-284; at 10:19 he said the SL got hit; frames 011230 and 011430 show the box and price 186 below SL"
2026-10-08,chinmay,kw5L_dY2HPo,01:47:00,10:52,SENSEX,72400 PE,consolidation-breakout-followup,292.34,272.45,341,464.02,464.02,171.68,win,frame,"His trade journal (frame 053040): 10:52 AM 292.34 SL 272.45 target 464.02 exit 464.02 +171.68; justification for slug is a named hard trigger (said: above 293 work with only a 24 SL at the swing low); his own spoken first target was 341 (said hit ~11:21); frame 022330 shows PE 567 at 11:29 with the 464.02 line far below price"
2026-10-08,chinmay,kw5L_dY2HPo,01:55:00,11:00,NIFTY,Nifty option (strike and side not stated),telegram-vip-call,155,,,246,,,unclear,unverified,"Telegram-only call; he claimed 155 to 246 (later 261) calling it 100 points and an earlier call with a 12-13 pt SL; no frame shows entry or outcome and strike not stated so result_pts left empty"
2026-10-08,chinmay,kw5L_dY2HPo,02:23:00,11:29,SENSEX,71800 PE + 72100 CE,jodi-long-straddle,227,120,320,,260,33,win,frame,"His trade journal (frame 053040) lists two legs: 71800 PE 132 to 200 = +68 and 72100 CE 95 to 60 = -35 net +33 (combined exit 260 from the journal leg exits); on-screen note frame 023130: combined 225 SL 120 TGT 320; live at ~12:33 he told viewers to book all at ~244 combined so the journal exit differs slightly from what he said"
2026-10-08,chinmay,kw5L_dY2HPo,02:41:00,11:47,SENSEX,71800 CE,range-breakout-direct,273.87,247.64,423.91,,247.64,-26.23,loss,frame,"His trade journal (frame 053040): 11:47 AM 273.87 SL 247.64 target 423.91 exit 247.64 -26.23; he said direct entry above 277 (277 ke upar direct entry) with SL under 240 later trailed to 247 and at ~11:58 said the SL got hit; logged direct because the journal entry 273.87 is under his named 277 so not a hard-trigger fill"
2026-10-08,chinmay,kw5L_dY2HPo,03:32:00,12:37,SENSEX,72000 PE,range-breakout-direct,318.32,297.82,377.82,,297.82,-20.5,loss,frame,"His trade journal (frame 053040): 12:37 PM 318.32 SL 297.82 target 377.82 exit 297.82 -20.5; he said take the break of an inside candle on 72000 with at least 1:2; no named trigger so range-breakout-direct"
2026-10-08,chinmay,kw5L_dY2HPo,04:33:00,13:39,SENSEX,72000 PE,liquidity-sweep-reversal,340.26,316.18,430,661.88,518.59,178.33,win,frame,"His trade journal (frame 053040): 1:39 PM 340.26 SL 316.18 target 661.88 exit 518.59 +178.33; he wanted an order block plus a liquidity hunt dip then a pin bar with a very small SL under 318; said primary ~430 touched at ~13:45 (frame 044000 price 424.7) and frame 050700 shows 514 at 14:12"
2026-10-09,chinmay,9kn5B0LK1YM,00:13:00,09:23,NIFTY,22400 PE 13-Oct,base-reversal-aggressive-or-confirm,154.21,140.15,184.88,,168.02,13.81,win,frame,"His trade journal (frame 013830): 9:23 AM 154.21 SL 140.15 TGT 184.88 exit 168.02 +13.81; he said entry on confirmation above 153 with SL ~139 after a base off the 115 support; chart wick reached ~170"
2026-10-09,chinmay,9kn5B0LK1YM,00:35:30,09:46,NIFTY,22350 CE 13-Oct,consolidation-breakout-followup,199.97,191.15,225.84,,220.14,20.17,win,frame,"His trade journal (frame 013830): 9:46 AM 199.97 SL 191.15 TGT 225.84 exit 220.14 +20.17; hard trigger price named ('only interested if the higher high forms - that is 199') after a breakout candle that showed rejection; refused the 20-pt risk and took ~10 pts"
2026-10-09,chinmay,9kn5B0LK1YM,01:02:00,10:12,NIFTY,22450 CE 13-Oct,range-breakout-direct,163.94,154.88,214.65,,154.88,-9.06,loss,frame,"His trade journal (frame 013830): 163.94 SL 154.88 TGT 214.65 exit 154.88 -9.06 (time hidden behind webcam; ~10:12 from chart frame 010200); enter above 162/163 SL ~153; said a follow-up candle would be better but accepted the direct entry; frame 010500 under the SL by 10:15"
2026-10-09,chinmay,9kn5B0LK1YM,01:28:30,10:39,NIFTY,22500 PE 13-Oct,range-breakout-direct,130.4,120.11,146.58,,120.11,-10.29,loss,frame,"His trade journal (frame 013830): 130.4 SL 120.11 TGT 146.58 exit 120.11 -10.29 (time hidden behind webcam; ~10:39 from chart frame 012830); entry only above 131 as 'the last attempt' with a 10-pt SL; frame 013400 shows 117.4 under the SL"
2026-10-09,trade-circuit,6xE3fsOXdCI,01:01:00,12:18,NIFTY,22550 PE 13-Oct,breakout-close-confirm,155.05,148.56,170.23,,147,-8,loss,said,"Swapnil (Trade Circuit). Counter-trend put after a 1-min close below his black line with a swing for the SL; said himself it was against the short-term trend and barely 1:2. Box frame 010400: 155.05 SL 148.56 TGT 170.23; frame 012030 (12:37) PE 147.45 under the SL; he recapped an eight-point loss; no journal shown"
2026-10-09,trade-circuit,6xE3fsOXdCI,01:38:00,12:55,NIFTY,22450 CE 13-Oct,pullback-to-marked-zone,163.28,158.95,173.85,,166,2.7,unclear,frame,"Swapnil. Buy 160-163 never above 163 after a W plus FVG; box frame 013830: 163.28 SL 158.95 TGT 173.85; best seen ~171.5 (frame 014100) target not reached; exit is mark-to-frame 166 (frame 014400); viewer bookings not his"
2026-10-09,trade-circuit,6xE3fsOXdCI,02:25:00,13:42,NIFTY,22500 CE 13-Oct,close-above-level-entry,135,126.71,150.28,165.45,150.28,15.28,win,frame,"Swapnil. 'If it closes above the black line plan call at 22500' after a parallel FVG; buy 135-136 SL below the FVG; box 135 SL 126.71 (trailed to 131.12) TGT 150.28/165.45; frame 025300 (14:10) shows CE 157.50 high ~160 so the first target passed; his exit not stated - logged at first target (verified main session)"
2026-10-09,trade-circuit,6xE3fsOXdCI,02:53:00,14:11,NIFTY,22500 CE 13-Oct,trend-re-entry,148,138,158,168,158,10,win,frame,"Swapnil. Re-entry with a limit at the FVG 148 (he said it tapped 150 then 148 at 14:11) SL ~10 first exit 158 then SL to 145; frame 030230 (14:19) shows CE 171.10 beyond 158 (verified main session); exit logged at his stated first target 158"
2026-10-09,trade-circuit,6xE3fsOXdCI,03:24:00,14:41,NIFTY,22600 PE 13-Oct,range-chop-scalps,125.01,118.09,135,136,118.09,-6.91,loss,frame,"Swapnil. Counter-trend put after a chat poll; buy 125-126 target 135-136 very small SL small size ('against the main trend'); box frames 032430/032630 entry 125.01 SL 118.09; frame 032630 PE 114.85 below the SL; no trigger candle named"
